sub,story,segment,segment_count,segment_num,base_segment,segment_pair,condition,cond_direction,cond_amount,target_points,e_total,e_target,res_1_simi_info_z,res_1_MD_sub_z,segment_count_demean,segment_num_demean
0522-1,3,3_01,12.0,1,3_02,3_01-02,r0,b,p0/r0,15.0,1.0,0.0,0.4730285819626557,0.3159453495915534,5.5,-6
0522-1,3,3_01,12.0,1,3_02,3_01-02,r,b,p/r,15.0,4.0,4.0,0.8223199941745314,0.7901991898726417,5.5,-6
0522-3,3,3_01,12.0,1,3_02,3_01-02,r0,b,p0/r0,15.0,1.0,0.0,0.3997576850469143,0.6481152920073332,5.5,-6
0522-3,3,3_01,12.0,1,3_02,3_01-02,r,b,p/r,15.0,4.5,3.5,0.6735613378697142,0.7856969355967934,5.5,-6
0523-2,3,3_01,12.0,1,3_02,3_01-02,r0,b,p0/r0,15.0,1.0,0.0,0.2683161061461516,0.5697946914476567,5.5,-6
0523-2,3,3_01,12.0,1,3_02,3_01-02,r,b,p/r,15.0,2.5,2.5,0.6305296942648841,0.7699668120914889,5.5,-6
0523-4,3,3_01,12.0,1,3_02,3_01-02,r0,b,p0/r0,15.0,2.0,1.0,0.5312144858395107,0.5918489953596995,5.5,-6
0523-4,3,3_01,12.0,1,3_02,3_01-02,r,b,p/r,15.0,2.0,1.0,0.4941272528690387,0.6376283448176173,5.5,-6
0524-1,3,3_01,12.0,1,3_02,3_01-02,r0,b,p0/r0,15.0,1.0,0.0,0.3052880955109254,0.592294529673475,5.5,-6
0524-1,3,3_01,12.0,1,3_02,3_01-02,r,b,p/r,15.0,2.5,1.5,0.5635329235521568,0.743722715262157,5.5,-6
0525-1,3,3_01,12.0,1,3_02,3_01-02,r0,b,p0/r0,15.0,4.0,1.0,0.5055355848770409,0.581524677199153,5.5,-6
0525-1,3,3_01,12.0,1,3_02,3_01-02,r,b,p/r,15.0,8.0,1.0,0.8512123642536257,0.7886603500079549,5.5,-6
0526-1,3,3_01,12.0,1,3_02,3_01-02,r0,b,p0/r0,15.0,1.0,0.0,0.2495486119629972,0.5715605100884285,5.5,-6
0526-1,3,3_01,12.0,1,3_02,3_01-02,r,b,p/r,15.0,1.0,0.0,0.5926697812345761,0.7711379091431232,5.5,-6
0526-3,3,3_01,12.0,1,3_02,3_01-02,r0,b,p0/r0,15.0,1.5,1.5,0.4018654299629755,0.2942095416220878,5.5,-6
0526-3,3,3_01,12.0,1,3_02,3_01-02,r,b,p/r,15.0,2.5,2.5,0.505333611868539,0.7224315917969214,5.5,-6
0527-2,3,3_01,12.0,1,3_02,3_01-02,r0,b,p0/r0,15.0,1.0,0.0,0.4907510747824294,0.2903684231893632,5.5,-6
0527-2,3,3_01,12.0,1,3_02,3_01-02,r,b,p/r,15.0,2.5,1.5,0.5263258142934217,0.754951461566606,5.5,-6
0528-2,3,3_01,12.0,1,3_02,3_01-02,r0,b,p0/r0,15.0,0.5,0.5,0.3801897495129964,0.5067637135889942,5.5,-6
0528-2,3,3_01,12.0,1,3_02,3_01-02,r,b,p/r,15.0,2.5,1.5,0.4643640060388773,0.703293325562899,5.5,-6
0528-3,3,3_01,12.0,1,3_02,3_01-02,r0,b,p0/r0,15.0,0.5,0.5,0.4791530311912106,0.3231595475341142,5.5,-6
0528-3,3,3_01,12.0,1,3_02,3_01-02,r,b,p/r,15.0,1.5,1.5,0.6800139668676618,0.8198301660347427,5.5,-6
0612-1,3,3_01,12.0,1,3_02,3_01-02,r0,b,p0/r0,15.0,2.0,1.0,0.5924378489040039,0.3668713050825275,5.5,-6
0612-1,3,3_01,12.0,1,3_02,3_01-02,r,b,p/r,15.0,3.0,2.0,0.7708562726939983,0.7627689040108403,5.5,-6
0613-1,3,3_01,12.0,1,3_02,3_01-02,r0,b,p0/r0,15.0,1.0,0.0,0.3153146648055609,0.5003926728348744,5.5,-6
0613-1,3,3_01,12.0,1,3_02,3_01-02,r,b,p/r,15.0,3.5,3.5,0.7905236712522584,0.7924669494736629,5.5,-6
0615-1,3,3_01,12.0,1,3_02,3_01-02,r0,b,p0/r0,15.0,1.0,0.0,0.3254161873216639,0.454909547225847,5.5,-6
0615-1,3,3_01,12.0,1,3_02,3_01-02,r,b,p/r,15.0,2.5,1.5,0.6202545475732375,0.7164325417501892,5.5,-6
0616-1,3,3_01,12.0,1,3_02,3_01-02,r0,b,p0/r0,15.0,3.0,0.0,0.3068917115485755,0.4339907060649248,5.5,-6
0616-1,3,3_01,12.0,1,3_02,3_01-02,r,b,p/r,15.0,2.0,1.0,0.5782805545188721,0.7822314917892926,5.5,-6
0619-1,3,3_01,12.0,1,3_02,3_01-02,r0,b,p0/r0,15.0,2.0,0.0,0.348394620523698,0.4792437574004171,5.5,-6
0619-1,3,3_01,12.0,1,3_02,3_01-02,r,b,p/r,15.0,2.5,1.5,0.6190129748094175,0.7126265796535525,5.5,-6
0706-1,3,3_01,12.0,1,3_02,3_01-02,r0,b,p0/r0,15.0,1.0,0.0,0.2448858212355255,0.217638609169561,5.5,-6
0707-1,3,3_01,12.0,1,3_02,3_01-02,r0,b,p0/r0,15.0,2.0,0.0,0.3914049059364987,0.5464932041862428,5.5,-6
0707-1,3,3_01,12.0,1,3_02,3_01-02,r,b,p/r,15.0,5.5,3.5,0.685375631900248,0.8157191716045938,5.5,-6
0707-2,3,3_01,12.0,1,3_02,3_01-02,r0,b,p0/r0,15.0,0.0,0.0,0.2319253117531855,0.474613995366533,5.5,-6
0707-2,3,3_01,12.0,1,3_02,3_01-02,r,b,p/r,15.0,1.5,0.5,0.6048477736773195,0.7381793789413118,5.5,-6
0522-1,3,3_02,11.0,2,3_03,3_02-03,r0,b,p0/r0,4.0,2.0,0.0,0.2721809175404144,0.227476446598676,4.5,-5
0522-1,3,3_02,11.0,2,3_03,3_02-03,r,b,p/r,4.0,0.0,0.0,0.4512819565976184,0.5098854940890448,4.5,-5
0522-3,3,3_02,11.0,2,3_03,3_02-03,r0,b,p0/r0,4.0,2.5,0.5,0.6289099337932474,0.5007959983440631,4.5,-5
0522-3,3,3_02,11.0,2,3_03,3_02-03,r,b,p/r,4.0,3.5,0.0,0.7928371234767669,0.566359721782922,4.5,-5
0523-2,3,3_02,11.0,2,3_03,3_02-03,r0,b,p0/r0,4.0,1.0,0.0,0.1725971571312866,0.3313221210384944,4.5,-5
0523-2,3,3_02,11.0,2,3_03,3_02-03,r,b,p/r,4.0,0.5,0.5,0.7278517962158407,0.7171287840087265,4.5,-5
0523-4,3,3_02,11.0,2,3_03,3_02-03,r0,b,p0/r0,4.0,2.0,0.0,0.4495338969120178,0.4061884116479211,4.5,-5
0523-4,3,3_02,11.0,2,3_03,3_02-03,r,b,p/r,4.0,1.5,0.0,0.5647628052860928,0.7212996060884309,4.5,-5
0524-1,3,3_02,11.0,2,3_03,3_02-03,r0,b,p0/r0,4.0,1.0,0.0,0.0642341732749128,0.2643446229330493,4.5,-5
0524-1,3,3_02,11.0,2,3_03,3_02-03,r,b,p/r,4.0,1.0,0.0,0.4238192478785671,0.6000164886478053,4.5,-5
0525-1,3,3_02,11.0,2,3_03,3_02-03,r0,b,p0/r0,4.0,1.0,0.0,0.3496662987482034,0.3655056078188915,4.5,-5
0525-1,3,3_02,11.0,2,3_03,3_02-03,r,b,p/r,4.0,2.5,0.0,0.5106275484429215,0.5883661028593485,4.5,-5
0526-1,3,3_02,11.0,2,3_03,3_02-03,r0,b,p0/r0,4.0,0.5,0.5,0.6276255000406087,0.4000459961173926,4.5,-5
0526-1,3,3_02,11.0,2,3_03,3_02-03,r,b,p/r,4.0,0.5,0.0,0.540120513481802,0.6850628637026077,4.5,-5
0526-3,3,3_02,11.0,2,3_03,3_02-03,r0,b,p0/r0,4.0,1.0,0.0,0.0710660668963582,0.2560815677666179,4.5,-5
0526-3,3,3_02,11.0,2,3_03,3_02-03,r,b,p/r,4.0,1.0,0.0,0.5400525928529175,0.6463400676480047,4.5,-5
0527-2,3,3_02,11.0,2,3_03,3_02-03,r0,b,p0/r0,4.0,1.0,0.0,0.4536854681872813,0.4440779206345173,4.5,-5
0527-2,3,3_02,11.0,2,3_03,3_02-03,r,b,p/r,4.0,1.0,0.0,0.3958745249445073,0.6179501100289917,4.5,-5
0528-2,3,3_02,11.0,2,3_03,3_02-03,r0,b,p0/r0,4.0,1.0,0.0,0.2888139574310787,0.3317986705041315,4.5,-5
0528-2,3,3_02,11.0,2,3_03,3_02-03,r,b,p/r,4.0,0.5,0.5,0.5994168841550925,0.7919421305619747,4.5,-5
0528-3,3,3_02,11.0,2,3_03,3_02-03,r0,b,p0/r0,4.0,1.5,0.5,0.7247138057128205,0.4512044919393129,4.5,-5
0528-3,3,3_02,11.0,2,3_03,3_02-03,r,b,p/r,4.0,1.5,0.5,0.627260039568638,0.6819830224352245,4.5,-5
0612-1,3,3_02,11.0,2,3_03,3_02-03,r0,b,p0/r0,4.0,1.0,0.0,0.241207130872806,0.399485489302579,4.5,-5
0612-1,3,3_02,11.0,2,3_03,3_02-03,r,b,p/r,4.0,2.0,2.0,0.5508417061118531,0.6755126987497585,4.5,-5
0613-1,3,3_02,11.0,2,3_03,3_02-03,r0,b,p0/r0,4.0,2.0,0.0,0.6225967588629108,0.4803433736960636,4.5,-5
0613-1,3,3_02,11.0,2,3_03,3_02-03,r,b,p/r,4.0,2.0,0.0,0.6393505361062279,0.689373265037136,4.5,-5
0615-1,3,3_02,11.0,2,3_03,3_02-03,r0,b,p0/r0,4.0,1.0,0.0,0.1770750640673072,0.3284709773912885,4.5,-5
0615-1,3,3_02,11.0,2,3_03,3_02-03,r,b,p/r,4.0,2.0,2.0,0.592304997639967,0.5934667943554782,4.5,-5
0616-1,3,3_02,11.0,2,3_03,3_02-03,r0,b,p0/r0,4.0,3.0,0.0,0.5335919250735336,0.4626251276012854,4.5,-5
0616-1,3,3_02,11.0,2,3_03,3_02-03,r,b,p/r,4.0,2.0,2.0,0.7170088836244014,0.7498382156667756,4.5,-5
0619-1,3,3_02,11.0,2,3_03,3_02-03,r0,b,p0/r0,4.0,2.0,0.0,0.5779470319997267,0.4289301269586928,4.5,-5
0619-1,3,3_02,11.0,2,3_03,3_02-03,r,b,p/r,4.0,2.5,0.0,0.5330115650795629,0.6080613012914093,4.5,-5
0706-1,3,3_02,11.0,2,3_03,3_02-03,r0,b,p0/r0,4.0,4.0,0.0,0.711013203864323,0.4681420715366988,4.5,-5
0706-1,3,3_02,11.0,2,3_03,3_02-03,r,b,p/r,4.0,4.0,0.0,0.6045501647734222,0.5541021115229152,4.5,-5
0707-1,3,3_02,11.0,2,3_03,3_02-03,r0,b,p0/r0,4.0,2.0,0.0,0.1926773383958206,0.3775315396365403,4.5,-5
0707-1,3,3_02,11.0,2,3_03,3_02-03,r,b,p/r,4.0,1.5,0.0,0.3987406919980684,0.5603350017194291,4.5,-5
0707-2,3,3_02,11.0,2,3_03,3_02-03,r0,b,p0/r0,4.0,1.0,0.0,0.4151670222332832,0.5218393886267322,4.5,-5
0707-2,3,3_02,11.0,2,3_03,3_02-03,r,b,p/r,4.0,2.0,2.0,0.5625972479971606,0.7342513830836327,4.5,-5
0522-2,3,3_02,1.0,2,3_01,3_01-02,p0,f,p0/r0,4.0,5.0,0.0,0.502944053064084,0.6426678924020283,-5.5,-5
0522-2,3,3_02,1.0,2,3_01,3_01-02,p,f,p/r,4.0,5.0,0.0,0.6043293141252887,0.6834291719320293,-5.5,-5
0523-1,3,3_02,1.0,2,3_01,3_01-02,p0,f,p0/r0,4.0,2.0,0.0,0.3215538101733749,0.6023119511536477,-5.5,-5
0523-3,3,3_02,1.0,2,3_01,3_01-02,p0,f,p0/r0,4.0,4.0,0.0,0.3182898042162979,0.576650753557163,-5.5,-5
0523-3,3,3_02,1.0,2,3_01,3_01-02,p,f,p/r,4.0,4.5,0.5,0.5379806984968885,0.6057046877255303,-5.5,-5
0523-5,3,3_02,1.0,2,3_01,3_01-02,p0,f,p0/r0,4.0,5.0,0.0,0.4820159880320327,0.6839659044167876,-5.5,-5
0523-5,3,3_02,1.0,2,3_01,3_01-02,p,f,p/r,4.0,0.5,0.5,0.4118762215872166,0.467617825086817,-5.5,-5
0524-2,3,3_02,1.0,2,3_01,3_01-02,p0,f,p0/r0,4.0,3.5,0.0,0.3748069587097085,0.6539909990334032,-5.5,-5
0524-2,3,3_02,1.0,2,3_01,3_01-02,p,f,p/r,4.0,3.0,0.0,0.612043534894816,0.6493990723018519,-5.5,-5
0525-2,3,3_02,1.0,2,3_01,3_01-02,p0,f,p0/r0,4.0,2.0,0.0,0.3552482824148789,0.4084394610189777,-5.5,-5
0525-2,3,3_02,1.0,2,3_01,3_01-02,p,f,p/r,4.0,3.0,0.0,0.4584254564559183,0.4975976475958237,-5.5,-5
0526-2,3,3_02,1.0,2,3_01,3_01-02,p0,f,p0/r0,4.0,2.0,0.0,0.2865699742750318,0.4042641921950264,-5.5,-5
0526-2,3,3_02,1.0,2,3_01,3_01-02,p,f,p/r,4.0,2.0,0.0,0.51347983193763,0.5793498695810929,-5.5,-5
0527-1,3,3_02,1.0,2,3_01,3_01-02,p0,f,p0/r0,4.0,4.0,0.0,0.5313676261924997,0.5883261757359923,-5.5,-5
0527-1,3,3_02,1.0,2,3_01,3_01-02,p,f,p/r,4.0,2.0,0.0,0.5729298610647057,0.6340048058365109,-5.5,-5
0528-1,3,3_02,1.0,2,3_01,3_01-02,p0,f,p0/r0,4.0,2.5,0.5,0.4209409555973521,0.655340021816552,-5.5,-5
0528-1,3,3_02,1.0,2,3_01,3_01-02,p,f,p/r,4.0,1.5,0.5,0.6199338299423612,0.6038000373157982,-5.5,-5
0608-1,3,3_02,1.0,2,3_01,3_01-02,p0,f,p0/r0,4.0,2.0,0.0,0.1867428431072443,0.526549601521261,-5.5,-5
0608-1,3,3_02,1.0,2,3_01,3_01-02,p,f,p/r,4.0,2.0,0.0,0.3646580651548399,0.5289381278867128,-5.5,-5
0608-2,3,3_02,1.0,2,3_01,3_01-02,p0,f,p0/r0,4.0,4.0,0.0,0.4967389524008426,0.66904480873726,-5.5,-5
0608-2,3,3_02,1.0,2,3_01,3_01-02,p,f,p/r,4.0,3.0,0.0,0.5721816184355974,0.7216349497224264,-5.5,-5
0611-1,3,3_02,1.0,2,3_01,3_01-02,p0,f,p0/r0,4.0,4.0,0.0,0.5047346578558743,0.5887775226866626,-5.5,-5
0611-1,3,3_02,1.0,2,3_01,3_01-02,p,f,p/r,4.0,5.0,0.0,0.6478778322537678,0.6919596470737772,-5.5,-5
0612-2,3,3_02,1.0,2,3_01,3_01-02,p0,f,p0/r0,4.0,4.0,0.0,0.3865248714002895,0.5826108556065639,-5.5,-5
0612-2,3,3_02,1.0,2,3_01,3_01-02,p,f,p/r,4.0,2.0,0.0,0.4250707850488717,0.427915264595506,-5.5,-5
0614-1,3,3_02,1.0,2,3_01,3_01-02,p0,f,p0/r0,4.0,5.0,0.0,0.4052374751314445,0.6249145960061661,-5.5,-5
0615-2,3,3_02,1.0,2,3_01,3_01-02,p0,f,p0/r0,4.0,4.0,0.0,0.2634831748348658,0.6260066336646276,-5.5,-5
0615-2,3,3_02,1.0,2,3_01,3_01-02,p,f,p/r,4.0,4.0,0.0,0.6631074726634775,0.6635122786595077,-5.5,-5
0615-3,3,3_02,1.0,2,3_01,3_01-02,p0,f,p0/r0,4.0,4.0,0.0,0.3577529721164497,0.6461542421375759,-5.5,-5
0615-3,3,3_02,1.0,2,3_01,3_01-02,p,f,p/r,4.0,6.0,0.0,0.6517344058983924,0.713408862233518,-5.5,-5
0619-2,3,3_02,1.0,2,3_01,3_01-02,p0,f,p0/r0,4.0,2.0,0.0,0.4424325070725601,0.3944357370392333,-5.5,-5
0619-2,3,3_02,1.0,2,3_01,3_01-02,p,f,p/r,4.0,3.0,0.0,0.648175010746913,0.5825628746228884,-5.5,-5
0629-1,3,3_02,1.0,2,3_01,3_01-02,p0,f,p0/r0,4.0,3.0,0.0,0.2391015810653975,0.5446914558997306,-5.5,-5
0629-1,3,3_02,1.0,2,3_01,3_01-02,p,f,p/r,4.0,1.0,0.0,0.4921021571286869,0.6069669132282512,-5.5,-5
0522-1,3,3_03,10.0,3,3_04,3_03-04,r0,b,p0/r0,7.5,0.0,0.0,0.3601353498197346,0.4019055714453488,3.5,-4
0522-1,3,3_03,10.0,3,3_04,3_03-04,r,b,p/r,7.5,1.5,1.5,0.4654825194647138,0.5014339698331223,3.5,-4
0522-3,3,3_03,10.0,3,3_04,3_03-04,r0,b,p0/r0,7.5,3.0,0.0,0.4948436119393705,0.5720007792022987,3.5,-4
0522-3,3,3_03,10.0,3,3_04,3_03-04,r,b,p/r,7.5,2.5,2.5,0.7248716835301965,0.5931326003667982,3.5,-4
0523-2,3,3_03,10.0,3,3_04,3_03-04,r0,b,p0/r0,7.5,1.5,1.5,0.4760697230863687,0.281215662070758,3.5,-4
0523-2,3,3_03,10.0,3,3_04,3_03-04,r,b,p/r,7.5,1.5,1.5,0.4760697230863687,0.5474160328123302,3.5,-4
0523-4,3,3_03,10.0,3,3_04,3_03-04,r0,b,p0/r0,7.5,3.0,0.0,0.5758807127047114,0.6564514897212833,3.5,-4
0523-4,3,3_03,10.0,3,3_04,3_03-04,r,b,p/r,7.5,3.5,1.5,0.5470405543925146,0.4869569567555066,3.5,-4
0524-1,3,3_03,10.0,3,3_04,3_03-04,r0,b,p0/r0,7.5,1.0,0.0,0.5285080578655803,0.4030103751254653,3.5,-4
0524-1,3,3_03,10.0,3,3_04,3_03-04,r,b,p/r,7.5,1.5,1.5,0.4287113431202562,0.5778040799044419,3.5,-4
0525-1,3,3_03,10.0,3,3_04,3_03-04,r0,b,p0/r0,7.5,2.0,0.0,0.2359215986341836,0.2873830631056798,3.5,-4
0525-1,3,3_03,10.0,3,3_04,3_03-04,r,b,p/r,7.5,1.5,1.5,0.4754513893247361,0.498639421734992,3.5,-4
0526-1,3,3_03,10.0,3,3_04,3_03-04,r0,b,p0/r0,7.5,0.5,0.5,0.428682666374409,1.0986122886681098,3.5,-4
0526-1,3,3_03,10.0,3,3_04,3_03-04,r,b,p/r,7.5,1.5,1.5,0.6470126658293669,0.5628115764440994,3.5,-4
0526-3,3,3_03,10.0,3,3_04,3_03-04,r0,b,p0/r0,7.5,1.0,0.0,0.0237755618985158,0.0963271825454445,3.5,-4
0526-3,3,3_03,10.0,3,3_04,3_03-04,r,b,p/r,7.5,1.5,1.5,0.4154243087184557,0.4011206321604332,3.5,-4
0527-2,3,3_03,10.0,3,3_04,3_03-04,r0,b,p0/r0,7.5,1.0,0.0,0.5320821793970975,0.6202486498199733,3.5,-4
0527-2,3,3_03,10.0,3,3_04,3_03-04,r,b,p/r,7.5,2.0,0.0,0.7656815440073467,0.5621620416323214,3.5,-4
0528-2,3,3_03,10.0,3,3_04,3_03-04,r0,b,p0/r0,7.5,0.0,0.0,0.2601767456984006,0.4380680002771278,3.5,-4
0528-2,3,3_03,10.0,3,3_04,3_03-04,r,b,p/r,7.5,2.5,2.5,0.5421544134999717,0.6551809487570226,3.5,-4
0528-3,3,3_03,10.0,3,3_04,3_03-04,r0,b,p0/r0,7.5,1.0,0.0,0.5624044378748881,0.5580931690669123,3.5,-4
0528-3,3,3_03,10.0,3,3_04,3_03-04,r,b,p/r,7.5,1.5,1.5,0.6312733173528965,0.5765063723822013,3.5,-4
0612-1,3,3_03,10.0,3,3_04,3_03-04,r0,b,p0/r0,7.5,1.0,0.0,0.4117533765390058,0.3268105852928283,3.5,-4
0612-1,3,3_03,10.0,3,3_04,3_03-04,r,b,p/r,7.5,1.5,1.5,0.4364790874644459,0.5401602575411562,3.5,-4
0613-1,3,3_03,10.0,3,3_04,3_03-04,r0,b,p0/r0,7.5,2.0,0.0,0.5032618803113299,0.5472868309858056,3.5,-4
0613-1,3,3_03,10.0,3,3_04,3_03-04,r,b,p/r,7.5,0.5,0.5,0.4377836846988522,0.6062512560730676,3.5,-4
0615-1,3,3_03,10.0,3,3_04,3_03-04,r0,b,p0/r0,7.5,1.5,1.5,0.5764268195987988,0.5199394802558345,3.5,-4
0615-1,3,3_03,10.0,3,3_04,3_03-04,r,b,p/r,7.5,1.5,1.5,0.5883621466438175,0.5556445970998377,3.5,-4
0616-1,3,3_03,10.0,3,3_04,3_03-04,r0,b,p0/r0,7.5,2.0,0.0,0.1950574570479015,0.1829534032781464,3.5,-4
0616-1,3,3_03,10.0,3,3_04,3_03-04,r,b,p/r,7.5,1.5,1.5,0.7156555284513341,0.6069007130189924,3.5,-4
0619-1,3,3_03,10.0,3,3_04,3_03-04,r0,b,p0/r0,7.5,1.0,0.0,0.5002136067439538,0.6115295058456536,3.5,-4
0619-1,3,3_03,10.0,3,3_04,3_03-04,r,b,p/r,7.5,1.5,1.5,0.5167296964822483,0.5241287233306362,3.5,-4
0706-1,3,3_03,10.0,3,3_04,3_03-04,r0,b,p0/r0,7.5,2.0,0.0,0.5178093849528173,0.5826237903496543,3.5,-4
0706-1,3,3_03,10.0,3,3_04,3_03-04,r,b,p/r,7.5,3.5,1.5,0.626998853136014,0.4811526852284753,3.5,-4
0707-1,3,3_03,10.0,3,3_04,3_03-04,r0,b,p0/r0,7.5,2.0,0.0,0.5221099617756294,0.4570296536857442,3.5,-4
0707-1,3,3_03,10.0,3,3_04,3_03-04,r,b,p/r,7.5,1.5,1.5,0.5901675829257826,0.5342474764866423,3.5,-4
0707-2,3,3_03,10.0,3,3_04,3_03-04,r0,b,p0/r0,7.5,0.5,0.5,0.428682666374409,1.0986122886681098,3.5,-4
0707-2,3,3_03,10.0,3,3_04,3_03-04,r,b,p/r,7.5,0.5,0.5,0.428682666374409,0.5126765555950912,3.5,-4
0522-2,3,3_03,2.0,3,3_02,3_02-03,p0,f,p0/r0,7.5,2.5,0.5,0.6214121634223008,0.4785656573604572,-4.5,-4
0522-2,3,3_03,2.0,3,3_02,3_02-03,p,f,p/r,7.5,2.5,0.5,0.6758123472927797,0.66827620040499,-4.5,-4
0523-1,3,3_03,2.0,3,3_02,3_02-03,p0,f,p0/r0,7.5,1.0,0.0,0.3783451291239664,0.3516500787278641,-4.5,-4
0523-1,3,3_03,2.0,3,3_02,3_02-03,p,f,p/r,7.5,2.5,2.5,0.4042542743204825,0.5676625975790834,-4.5,-4
0523-3,3,3_03,2.0,3,3_02,3_02-03,p0,f,p0/r0,7.5,1.5,0.5,0.416656234031049,0.4391383291592828,-4.5,-4
0523-3,3,3_03,2.0,3,3_02,3_02-03,p,f,p/r,7.5,1.5,0.5,0.3710034719728529,0.5547527205641567,-4.5,-4
0523-5,3,3_03,2.0,3,3_02,3_02-03,p0,f,p0/r0,7.5,1.5,1.5,0.5340428912473524,0.5297397767479162,-4.5,-4
0523-5,3,3_03,2.0,3,3_02,3_02-03,p,f,p/r,7.5,1.5,1.5,0.5248189784330122,0.6755271545995198,-4.5,-4
0524-2,3,3_03,2.0,3,3_02,3_02-03,p0,f,p0/r0,7.5,5.0,0.0,0.5974760418794071,0.5460721935625289,-4.5,-4
0524-2,3,3_03,2.0,3,3_02,3_02-03,p,f,p/r,7.5,2.5,2.5,0.7728681595249167,0.676949667303977,-4.5,-4
0525-2,3,3_03,2.0,3,3_02,3_02-03,p0,f,p0/r0,7.5,1.0,0.0,0.6028228080344477,0.3373258066677464,-4.5,-4
0525-2,3,3_03,2.0,3,3_02,3_02-03,p,f,p/r,7.5,1.5,1.5,0.6819258605410272,0.51421981692695,-4.5,-4
0526-2,3,3_03,2.0,3,3_02,3_02-03,p0,f,p0/r0,7.5,1.0,0.0,0.1953455619489066,0.3032745317977914,-4.5,-4
0526-2,3,3_03,2.0,3,3_02,3_02-03,p,f,p/r,7.5,1.5,1.5,0.7115898506067118,0.5810714014060495,-4.5,-4
0527-1,3,3_03,2.0,3,3_02,3_02-03,p0,f,p0/r0,7.5,2.0,0.0,0.3772305154976848,0.4254289229687067,-4.5,-4
0527-1,3,3_03,2.0,3,3_02,3_02-03,p,f,p/r,7.5,1.5,0.5,0.5010559352504438,0.6117462901437362,-4.5,-4
0528-1,3,3_03,2.0,3,3_02,3_02-03,p0,f,p0/r0,7.5,3.0,0.0,0.3714763622214515,0.4514802304146235,-4.5,-4
0528-1,3,3_03,2.0,3,3_02,3_02-03,p,f,p/r,7.5,1.5,1.5,0.5429858703559747,0.6387689058314033,-4.5,-4
0608-1,3,3_03,2.0,3,3_02,3_02-03,p0,f,p0/r0,7.5,1.0,0.0,0.2215710556456425,0.3987141051619153,-4.5,-4
0608-1,3,3_03,2.0,3,3_02,3_02-03,p,f,p/r,7.5,0.5,0.5,0.5886205524808102,0.6847942325290962,-4.5,-4
0608-2,3,3_03,2.0,3,3_02,3_02-03,p0,f,p0/r0,7.5,4.0,0.0,0.4633914266335127,0.424751595513531,-4.5,-4
0608-2,3,3_03,2.0,3,3_02,3_02-03,p,f,p/r,7.5,2.5,0.5,0.5987413250084516,0.6927536060731353,-4.5,-4
0611-1,3,3_03,2.0,3,3_02,3_02-03,p0,f,p0/r0,7.5,2.5,1.5,0.5455204632315512,0.4969032065152433,-4.5,-4
0611-1,3,3_03,2.0,3,3_02,3_02-03,p,f,p/r,7.5,2.5,1.5,0.5596550963295446,0.6386294287388322,-4.5,-4
0612-2,3,3_03,2.0,3,3_02,3_02-03,p0,f,p0/r0,7.5,3.0,0.0,0.3225548851930305,0.3348263804190151,-4.5,-4
0612-2,3,3_03,2.0,3,3_02,3_02-03,p,f,p/r,7.5,3.0,0.0,0.5322687784953186,0.5443308107846194,-4.5,-4
0614-1,3,3_03,2.0,3,3_02,3_02-03,p0,f,p0/r0,7.5,4.0,0.0,0.5187857723656516,0.5424146765659904,-4.5,-4
0614-1,3,3_03,2.0,3,3_02,3_02-03,p,f,p/r,7.5,3.0,0.0,0.5651246825109124,0.5614097241660159,-4.5,-4
0615-2,3,3_03,2.0,3,3_02,3_02-03,p0,f,p0/r0,7.5,3.0,0.0,0.4764221754799754,0.5097362298895872,-4.5,-4
0615-2,3,3_03,2.0,3,3_02,3_02-03,p,f,p/r,7.5,3.0,0.0,0.5342527889604805,0.6151207897229316,-4.5,-4
0615-3,3,3_03,2.0,3,3_02,3_02-03,p0,f,p0/r0,7.5,2.0,0.0,0.2633145507815323,0.3872076888232812,-4.5,-4
0615-3,3,3_03,2.0,3,3_02,3_02-03,p,f,p/r,7.5,2.0,0.0,0.4642599912612363,0.5513124542945866,-4.5,-4
0619-2,3,3_03,2.0,3,3_02,3_02-03,p0,f,p0/r0,7.5,2.0,0.0,0.3657627613507573,0.3878318013547039,-4.5,-4
0619-2,3,3_03,2.0,3,3_02,3_02-03,p,f,p/r,7.5,4.0,0.0,0.5859709189466995,0.6182491638352675,-4.5,-4
0629-1,3,3_03,2.0,3,3_02,3_02-03,p0,f,p0/r0,7.5,2.0,0.0,0.2616549438137559,0.3294122643256664,-4.5,-4
0629-1,3,3_03,2.0,3,3_02,3_02-03,p,f,p/r,7.5,1.5,1.5,0.4018259115106394,0.5368582887698095,-4.5,-4
0522-1,3,3_04,9.0,4,3_05,3_04-05,r0,b,p0/r0,5.5,0.5,0.0,0.2529697466950719,0.3010884173779484,2.5,-3
0522-1,3,3_04,9.0,4,3_05,3_04-05,r,b,p/r,5.5,1.5,0.5,0.4046533588849792,0.7212654135851406,2.5,-3
0522-3,3,3_04,9.0,4,3_05,3_04-05,r0,b,p0/r0,5.5,1.0,0.0,0.104947875069411,0.4072577188169319,2.5,-3
0522-3,3,3_04,9.0,4,3_05,3_04-05,r,b,p/r,5.5,1.5,0.5,0.4838742895222029,0.881915441631549,2.5,-3
0523-2,3,3_04,9.0,4,3_05,3_04-05,r0,b,p0/r0,5.5,1.5,0.0,0.2754612028180044,0.3268820252123272,2.5,-3
0523-2,3,3_04,9.0,4,3_05,3_04-05,r,b,p/r,5.5,0.5,0.5,0.3503875009326326,0.8240994005175057,2.5,-3
0523-4,3,3_04,9.0,4,3_05,3_04-05,r0,b,p0/r0,5.5,2.5,0.0,0.35846919510235,0.4961751716295153,2.5,-3
0523-4,3,3_04,9.0,4,3_05,3_04-05,r,b,p/r,5.5,0.5,0.5,0.5136869257723687,0.6155347225286611,2.5,-3
0524-1,3,3_04,9.0,4,3_05,3_04-05,r0,b,p0/r0,5.5,1.0,0.0,0.3793091993460773,0.3669994693456989,2.5,-3
0524-1,3,3_04,9.0,4,3_05,3_04-05,r,b,p/r,5.5,1.0,0.0,0.3681055833896128,0.6808706592986526,2.5,-3
0525-1,3,3_04,9.0,4,3_05,3_04-05,r0,b,p0/r0,5.5,4.0,0.0,0.3319830106179935,0.3689221787224369,2.5,-3
0525-1,3,3_04,9.0,4,3_05,3_04-05,r,b,p/r,5.5,1.5,1.5,0.3977775776381529,0.7944210422789858,2.5,-3
0526-1,3,3_04,9.0,4,3_05,3_04-05,r0,b,p0/r0,5.5,1.5,0.0,0.2830501984566546,0.4209175705964675,2.5,-3
0526-1,3,3_04,9.0,4,3_05,3_04-05,r,b,p/r,5.5,0.5,0.5,0.3628099820081698,0.7986574392019767,2.5,-3
0526-3,3,3_04,9.0,4,3_05,3_04-05,r0,b,p0/r0,5.5,1.0,0.0,0.2641203951836328,0.2633868393741901,2.5,-3
0526-3,3,3_04,9.0,4,3_05,3_04-05,r,b,p/r,5.5,1.0,0.0,0.3207722341487309,0.6914584589416513,2.5,-3
0527-2,3,3_04,9.0,4,3_05,3_04-05,r0,b,p0/r0,5.5,1.0,0.0,0.3263020490758851,0.4282023886931029,2.5,-3
0527-2,3,3_04,9.0,4,3_05,3_04-05,r,b,p/r,5.5,0.5,0.5,0.3431706114542441,0.74033110819844,2.5,-3
0528-2,3,3_04,9.0,4,3_05,3_04-05,r0,b,p0/r0,5.5,1.0,0.0,0.375394581331559,0.4113776873159591,2.5,-3
0528-2,3,3_04,9.0,4,3_05,3_04-05,r,b,p/r,5.5,0.5,0.5,0.4259082586774068,0.7744281934606407,2.5,-3
0528-3,3,3_04,9.0,4,3_05,3_04-05,r0,b,p0/r0,5.5,2.0,0.0,0.1205926067598252,0.341193190679243,2.5,-3
0528-3,3,3_04,9.0,4,3_05,3_04-05,r,b,p/r,5.5,1.5,1.5,0.3558516672601371,0.870945659953968,2.5,-3
0612-1,3,3_04,9.0,4,3_05,3_04-05,r0,b,p0/r0,5.5,2.5,0.0,0.1531161540936723,0.3634890196675661,2.5,-3
0612-1,3,3_04,9.0,4,3_05,3_04-05,r,b,p/r,5.5,1.0,0.0,0.4225997679741868,0.7463930241895349,2.5,-3
0613-1,3,3_04,9.0,4,3_05,3_04-05,r0,b,p0/r0,5.5,1.0,0.0,0.1999838820585197,0.3457998436839544,2.5,-3
0613-1,3,3_04,9.0,4,3_05,3_04-05,r,b,p/r,5.5,2.0,0.0,0.3373393763102535,0.7697813019420089,2.5,-3
0615-1,3,3_04,9.0,4,3_05,3_04-05,r0,b,p0/r0,5.5,1.5,0.0,0.4411282172082011,0.450879179571905,2.5,-3
0615-1,3,3_04,9.0,4,3_05,3_04-05,r,b,p/r,5.5,1.0,0.0,0.4052205496578314,0.692656961851399,2.5,-3
0616-1,3,3_04,9.0,4,3_05,3_04-05,r0,b,p0/r0,5.5,1.5,0.0,0.1827157463997953,0.3453940182821111,2.5,-3
0616-1,3,3_04,9.0,4,3_05,3_04-05,r,b,p/r,5.5,3.0,2.0,0.4435463573422782,0.7591995778826767,2.5,-3
0619-1,3,3_04,9.0,4,3_05,3_04-05,r0,b,p0/r0,5.5,1.5,0.0,0.2847857072643484,0.4028401966377097,2.5,-3
0619-1,3,3_04,9.0,4,3_05,3_04-05,r,b,p/r,5.5,1.0,0.0,0.2362342590530284,0.6909355956017257,2.5,-3
0707-2,3,3_04,9.0,4,3_05,3_04-05,r0,b,p0/r0,5.5,2.0,0.0,0.2335785479723342,0.4294539155435763,2.5,-3
0707-2,3,3_04,9.0,4,3_05,3_04-05,r,b,p/r,5.5,1.0,0.0,0.3441443440364976,0.8205746250801993,2.5,-3
0522-2,3,3_04,3.0,4,3_03,3_03-04,p0,f,p0/r0,5.5,1.0,0.0,0.3216055416278975,0.5179247884156409,-3.5,-3
0522-2,3,3_04,3.0,4,3_03,3_03-04,p,f,p/r,5.5,1.0,0.0,0.446539986382168,0.686474861511857,-3.5,-3
0523-1,3,3_04,3.0,4,3_03,3_03-04,p0,f,p0/r0,5.5,1.0,0.0,0.115134150355108,0.3563925318986218,-3.5,-3
0523-1,3,3_04,3.0,4,3_03,3_03-04,p,f,p/r,5.5,2.0,0.0,0.3699976543280996,0.7922680527413584,-3.5,-3
0523-3,3,3_04,3.0,4,3_03,3_03-04,p0,f,p0/r0,5.5,2.0,0.0,0.1707444138540991,0.3894876279179615,-3.5,-3
0523-3,3,3_04,3.0,4,3_03,3_03-04,p,f,p/r,5.5,3.5,0.0,0.4116734544928304,0.8140021404653879,-3.5,-3
0523-5,3,3_04,3.0,4,3_03,3_03-04,p0,f,p0/r0,5.5,4.0,0.0,0.2779985092239332,0.5250344420759789,-3.5,-3
0523-5,3,3_04,3.0,4,3_03,3_03-04,p,f,p/r,5.5,1.0,0.0,0.4158943610080753,0.7487843141098512,-3.5,-3
0524-2,3,3_04,3.0,4,3_03,3_03-04,p0,f,p0/r0,5.5,4.0,0.0,0.3289692736746783,0.6168556025282476,-3.5,-3
0524-2,3,3_04,3.0,4,3_03,3_03-04,p,f,p/r,5.5,4.0,0.0,0.4361502087679927,0.7954668976566642,-3.5,-3
0525-2,3,3_04,3.0,4,3_03,3_03-04,p0,f,p0/r0,5.5,1.0,0.0,0.3917154263305505,0.4166292344729974,-3.5,-3
0525-2,3,3_04,3.0,4,3_03,3_03-04,p,f,p/r,5.5,1.0,0.0,0.4151572604690639,0.5957760878550067,-3.5,-3
0526-2,3,3_04,3.0,4,3_03,3_03-04,p0,f,p0/r0,5.5,1.0,0.0,0.2654863369566314,0.5973917779392213,-3.5,-3
0526-2,3,3_04,3.0,4,3_03,3_03-04,p,f,p/r,5.5,1.0,0.0,0.3978229904792056,0.7350214136458336,-3.5,-3
0527-1,3,3_04,3.0,4,3_03,3_03-04,p0,f,p0/r0,5.5,1.0,0.0,0.4520503559125128,0.5904007053029826,-3.5,-3
0527-1,3,3_04,3.0,4,3_03,3_03-04,p,f,p/r,5.5,0.5,0.5,0.4456677050260565,0.6695949549591836,-3.5,-3
0528-1,3,3_04,3.0,4,3_03,3_03-04,p0,f,p0/r0,5.5,2.0,0.0,0.1875326602154825,0.4910639804848234,-3.5,-3
0528-1,3,3_04,3.0,4,3_03,3_03-04,p,f,p/r,5.5,2.0,0.0,0.3903654690687702,0.822903120856387,-3.5,-3
0608-1,3,3_04,3.0,4,3_03,3_03-04,p0,f,p0/r0,5.5,3.0,0.0,0.3737869347487075,0.6263322035640574,-3.5,-3
0608-1,3,3_04,3.0,4,3_03,3_03-04,p,f,p/r,5.5,1.0,0.0,0.3965104019344565,0.5920533304699869,-3.5,-3
0608-2,3,3_04,3.0,4,3_03,3_03-04,p0,f,p0/r0,5.5,2.0,0.0,0.1636961285193046,0.3713369588014524,-3.5,-3
0608-2,3,3_04,3.0,4,3_03,3_03-04,p,f,p/r,5.5,3.0,0.0,0.4167365042269808,0.7445129062221865,-3.5,-3
0611-1,3,3_04,3.0,4,3_03,3_03-04,p0,f,p0/r0,5.5,4.0,0.0,0.3526206419360911,0.4221996525940834,-3.5,-3
0611-1,3,3_04,3.0,4,3_03,3_03-04,p,f,p/r,5.5,4.0,0.0,0.3702414592215352,0.6028320572291911,-3.5,-3
0612-2,3,3_04,3.0,4,3_03,3_03-04,p0,f,p0/r0,5.5,2.0,0.0,0.4188160569905064,0.626224022240713,-3.5,-3
0612-2,3,3_04,3.0,4,3_03,3_03-04,p,f,p/r,5.5,2.5,0.0,0.3304149201349466,0.7775712854156633,-3.5,-3
0614-1,3,3_04,3.0,4,3_03,3_03-04,p0,f,p0/r0,5.5,3.0,0.0,0.2809249694495732,0.5813920324299077,-3.5,-3
0614-1,3,3_04,3.0,4,3_03,3_03-04,p,f,p/r,5.5,3.0,0.0,0.4225613061587708,0.7133354656180163,-3.5,-3
0615-2,3,3_04,3.0,4,3_03,3_03-04,p0,f,p0/r0,5.5,2.0,0.0,0.4429559454107842,0.6197482473062241,-3.5,-3
0615-2,3,3_04,3.0,4,3_03,3_03-04,p,f,p/r,5.5,3.0,0.0,0.4913109321505854,0.7152541333048558,-3.5,-3
0615-3,3,3_04,3.0,4,3_03,3_03-04,p0,f,p0/r0,5.5,2.0,0.0,0.299084220542068,0.596333943932314,-3.5,-3
0615-3,3,3_04,3.0,4,3_03,3_03-04,p,f,p/r,5.5,2.0,0.0,0.4066401179082473,0.7435985868236473,-3.5,-3
0619-2,3,3_04,3.0,4,3_03,3_03-04,p0,f,p0/r0,5.5,2.0,0.0,0.2721116579537776,0.4580054616390395,-3.5,-3
0619-2,3,3_04,3.0,4,3_03,3_03-04,p,f,p/r,5.5,3.0,0.0,0.4288226721923823,0.6831184709470391,-3.5,-3
0629-1,3,3_04,3.0,4,3_03,3_03-04,p0,f,p0/r0,5.5,1.0,0.0,0.2302012493582503,0.4343555621379337,-3.5,-3
0629-1,3,3_04,3.0,4,3_03,3_03-04,p,f,p/r,5.5,1.0,0.0,0.2929938617759228,0.5649487381101155,-3.5,-3
0522-1,3,3_05,8.0,5,3_06,3_05-06,r0,b,p0/r0,2.5,2.0,0.0,0.6510852456344601,0.4479947371327763,1.5,-2
0522-1,3,3_05,8.0,5,3_06,3_05-06,r,b,p/r,2.5,1.5,0.0,0.8575658748539992,0.798798137948529,1.5,-2
0522-3,3,3_05,8.0,5,3_06,3_05-06,r0,b,p0/r0,2.5,1.5,0.0,0.4523498780650272,0.466831589988931,1.5,-2
0522-3,3,3_05,8.0,5,3_06,3_05-06,r,b,p/r,2.5,1.5,1.5,0.68983568230264,0.6085358349011667,1.5,-2
0523-2,3,3_05,8.0,5,3_06,3_05-06,r0,b,p0/r0,2.5,1.5,0.0,0.3591121566331146,0.2566459608175132,1.5,-2
0523-2,3,3_05,8.0,5,3_06,3_05-06,r,b,p/r,2.5,1.5,0.0,0.9358548305113172,0.8088651948155516,1.5,-2
0523-4,3,3_05,8.0,5,3_06,3_05-06,r0,b,p0/r0,2.5,2.0,0.0,0.6175183061094716,0.3345072281791317,1.5,-2
0523-4,3,3_05,8.0,5,3_06,3_05-06,r,b,p/r,2.5,1.5,1.5,0.8910925773818887,0.7734780495411671,1.5,-2
0524-1,3,3_05,8.0,5,3_06,3_05-06,r0,b,p0/r0,2.5,1.0,0.0,0.2196787395966275,0.1159440972731691,1.5,-2
0524-1,3,3_05,8.0,5,3_06,3_05-06,r,b,p/r,2.5,1.0,0.0,0.7306190004412758,0.7484154769134101,1.5,-2
0525-1,3,3_05,8.0,5,3_06,3_05-06,r0,b,p0/r0,2.5,2.5,0.0,0.449188999855614,0.461950892936715,1.5,-2
0525-1,3,3_05,8.0,5,3_06,3_05-06,r,b,p/r,2.5,3.5,0.0,1.17937060269485,0.7162177439297381,1.5,-2
0526-1,3,3_05,8.0,5,3_06,3_05-06,r0,b,p0/r0,2.5,2.5,0.0,0.5108956031156103,0.3098891006004398,1.5,-2
0526-1,3,3_05,8.0,5,3_06,3_05-06,r,b,p/r,2.5,2.5,0.0,0.9124324955812004,0.8036199957556628,1.5,-2
0526-3,3,3_05,8.0,5,3_06,3_05-06,r0,b,p0/r0,2.5,1.0,0.0,0.0346932694693896,0.2388957505162501,1.5,-2
0526-3,3,3_05,8.0,5,3_06,3_05-06,r,b,p/r,2.5,1.5,0.0,1.0287946067637472,0.7818345409652254,1.5,-2
0527-2,3,3_05,8.0,5,3_06,3_05-06,r0,b,p0/r0,2.5,2.0,0.0,0.3916740286880967,0.3490412649606607,1.5,-2
0527-2,3,3_05,8.0,5,3_06,3_05-06,r,b,p/r,2.5,1.0,0.0,0.6050473557602595,0.5604473607960364,1.5,-2
0528-2,3,3_05,8.0,5,3_06,3_05-06,r0,b,p0/r0,2.5,1.0,0.0,0.6968325063412574,0.4987818636969549,1.5,-2
0528-2,3,3_05,8.0,5,3_06,3_05-06,r,b,p/r,2.5,1.0,0.0,0.6457278788934968,0.7778756610353046,1.5,-2
0528-3,3,3_05,8.0,5,3_06,3_05-06,r0,b,p0/r0,2.5,2.5,0.0,0.4702001509636527,0.4651368487095932,1.5,-2
0528-3,3,3_05,8.0,5,3_06,3_05-06,r,b,p/r,2.5,1.0,0.0,0.6541065258903723,0.764367071757195,1.5,-2
0612-1,3,3_05,8.0,5,3_06,3_05-06,r0,b,p0/r0,2.5,2.5,0.5,0.5466831241339423,0.4457686794337311,1.5,-2
0612-1,3,3_05,8.0,5,3_06,3_05-06,r,b,p/r,2.5,0.5,0.5,0.4689671323460465,0.3994712205745213,1.5,-2
0613-1,3,3_05,8.0,5,3_06,3_05-06,r0,b,p0/r0,2.5,1.0,0.0,0.0368798072901615,0.1308439145988056,1.5,-2
0613-1,3,3_05,8.0,5,3_06,3_05-06,r,b,p/r,2.5,1.5,1.5,0.8043738174538501,0.7678254332423773,1.5,-2
0615-1,3,3_05,8.0,5,3_06,3_05-06,r0,b,p0/r0,2.5,1.0,0.0,0.0803640170013463,0.3075071812263726,1.5,-2
0615-1,3,3_05,8.0,5,3_06,3_05-06,r,b,p/r,2.5,3.0,0.0,1.0905382047275969,0.7926981965731932,1.5,-2
0616-1,3,3_05,8.0,5,3_06,3_05-06,r0,b,p0/r0,2.5,5.5,0.0,0.4617165282982753,0.4287567388460782,1.5,-2
0616-1,3,3_05,8.0,5,3_06,3_05-06,r,b,p/r,2.5,2.5,0.0,0.9924322202146436,0.7626864301205287,1.5,-2
0619-1,3,3_05,8.0,5,3_06,3_05-06,r0,b,p0/r0,2.5,4.0,0.0,0.6047340227351732,0.500255330459117,1.5,-2
0619-1,3,3_05,8.0,5,3_06,3_05-06,r,b,p/r,2.5,4.0,0.0,0.6073049588134308,0.4971668105219898,1.5,-2
0706-1,3,3_05,8.0,5,3_06,3_05-06,r0,b,p0/r0,2.5,3.0,0.0,0.3048571382105804,0.3408916306057007,1.5,-2
0706-1,3,3_05,8.0,5,3_06,3_05-06,r,b,p/r,2.5,4.0,0.0,0.465196499106681,0.4226572331579925,1.5,-2
0707-1,3,3_05,8.0,5,3_06,3_05-06,r0,b,p0/r0,2.5,2.5,0.0,0.6222996706985026,0.4164434023916809,1.5,-2
0707-1,3,3_05,8.0,5,3_06,3_05-06,r,b,p/r,2.5,3.0,1.5,0.9254515668967772,0.7153508851680981,1.5,-2
0707-2,3,3_05,8.0,5,3_06,3_05-06,r0,b,p0/r0,2.5,1.0,0.0,0.1846088634097816,0.2366660000518912,1.5,-2
0707-2,3,3_05,8.0,5,3_06,3_05-06,r,b,p/r,2.5,2.0,0.0,0.8672718712906563,0.8149646924096915,1.5,-2
0522-2,3,3_05,4.0,5,3_04,3_04-05,p0,f,p0/r0,2.5,2.0,0.0,0.6861733271000107,0.5350788337763677,-2.5,-2
0522-2,3,3_05,4.0,5,3_04,3_04-05,p,f,p/r,2.5,0.5,0.5,0.5720258582394263,0.4752533334882147,-2.5,-2
0523-1,3,3_05,4.0,5,3_04,3_04-05,p0,f,p0/r0,2.5,0.5,0.5,0.7028794387946832,0.395998985386042,-2.5,-2
0523-1,3,3_05,4.0,5,3_04,3_04-05,p,f,p/r,2.5,0.5,0.5,0.7028794387946832,0.5895645198872635,-2.5,-2
0523-3,3,3_05,4.0,5,3_04,3_04-05,p0,f,p0/r0,2.5,3.0,0.0,0.5755280234961122,0.5190686072657275,-2.5,-2
0523-3,3,3_05,4.0,5,3_04,3_04-05,p,f,p/r,2.5,3.5,0.5,0.8590830329470913,0.6905592556937996,-2.5,-2
0523-5,3,3_05,4.0,5,3_04,3_04-05,p0,f,p0/r0,2.5,2.0,0.0,0.442575721891152,0.3205121648880203,-2.5,-2
0523-5,3,3_05,4.0,5,3_04,3_04-05,p,f,p/r,2.5,0.5,0.5,0.7773570816988713,0.6421140199091206,-2.5,-2
0524-2,3,3_05,4.0,5,3_04,3_04-05,p0,f,p0/r0,2.5,4.0,0.0,0.7469453812064399,0.5556785147287614,-2.5,-2
0524-2,3,3_05,4.0,5,3_04,3_04-05,p,f,p/r,2.5,1.5,1.5,0.969158963261266,0.7409584655251569,-2.5,-2
0525-2,3,3_05,4.0,5,3_04,3_04-05,p0,f,p0/r0,2.5,2.0,0.0,0.7179503180305039,0.5355723928451637,-2.5,-2
0525-2,3,3_05,4.0,5,3_04,3_04-05,p,f,p/r,2.5,2.5,0.5,0.7878030464696966,0.6747113599123142,-2.5,-2
0526-2,3,3_05,4.0,5,3_04,3_04-05,p0,f,p0/r0,2.5,1.0,0.0,0.2388899345192592,0.3236364226602988,-2.5,-2
0526-2,3,3_05,4.0,5,3_04,3_04-05,p,f,p/r,2.5,1.0,0.0,0.9523971383368912,0.652286401048023,-2.5,-2
0527-1,3,3_05,4.0,5,3_04,3_04-05,p0,f,p0/r0,2.5,1.0,0.0,0.6147554538791978,0.5043936168285974,-2.5,-2
0527-1,3,3_05,4.0,5,3_04,3_04-05,p,f,p/r,2.5,1.0,0.0,0.6174061320492081,0.5669100140318818,-2.5,-2
0528-1,3,3_05,4.0,5,3_04,3_04-05,p0,f,p0/r0,2.5,2.0,0.0,0.3955692496432133,0.3902596621821224,-2.5,-2
0528-1,3,3_05,4.0,5,3_04,3_04-05,p,f,p/r,2.5,2.5,0.5,0.9261143060036184,0.7332981107076103,-2.5,-2
0608-1,3,3_05,4.0,5,3_04,3_04-05,p0,f,p0/r0,2.5,1.0,0.0,0.1033977775609844,0.1355816503204417,-2.5,-2
0608-1,3,3_05,4.0,5,3_04,3_04-05,p,f,p/r,2.5,1.5,0.5,1.0387036606620057,0.8228048275989542,-2.5,-2
0608-2,3,3_05,4.0,5,3_04,3_04-05,p0,f,p0/r0,2.5,1.0,0.0,0.440261763407711,0.3998675718899934,-2.5,-2
0608-2,3,3_05,4.0,5,3_04,3_04-05,p,f,p/r,2.5,1.5,0.5,0.7341094594686984,0.6575190768704348,-2.5,-2
0611-1,3,3_05,4.0,5,3_04,3_04-05,p0,f,p0/r0,2.5,3.0,0.0,0.523981314153163,0.4777531764189197,-2.5,-2
0611-1,3,3_05,4.0,5,3_04,3_04-05,p,f,p/r,2.5,3.5,0.5,0.958225402488718,0.7242717707237734,-2.5,-2
0612-2,3,3_05,4.0,5,3_04,3_04-05,p0,f,p0/r0,2.5,4.0,0.0,0.9556205306843204,0.624922128921018,-2.5,-2
0612-2,3,3_05,4.0,5,3_04,3_04-05,p,f,p/r,2.5,4.5,0.5,0.9649629411563908,0.7780648667790057,-2.5,-2
0614-1,3,3_05,4.0,5,3_04,3_04-05,p0,f,p0/r0,2.5,1.5,0.5,0.8707929856343647,0.3811234506350788,-2.5,-2
0614-1,3,3_05,4.0,5,3_04,3_04-05,p,f,p/r,2.5,1.5,0.5,0.8707929856343647,0.6439655266851796,-2.5,-2
0615-2,3,3_05,4.0,5,3_04,3_04-05,p0,f,p0/r0,2.5,1.5,0.5,0.6853945477366709,0.4226496501486796,-2.5,-2
0615-2,3,3_05,4.0,5,3_04,3_04-05,p,f,p/r,2.5,1.5,0.5,0.6853944554632645,0.609374957227608,-2.5,-2
0615-3,3,3_05,4.0,5,3_04,3_04-05,p0,f,p0/r0,2.5,3.0,0.0,0.2874642286905385,0.2527220363946268,-2.5,-2
0615-3,3,3_05,4.0,5,3_04,3_04-05,p,f,p/r,2.5,1.5,0.5,0.9288199255018644,0.784928344947233,-2.5,-2
0619-2,3,3_05,4.0,5,3_04,3_04-05,p0,f,p0/r0,2.5,5.5,0.0,0.4750441094055078,0.2191314449570649,-2.5,-2
0619-2,3,3_05,4.0,5,3_04,3_04-05,p,f,p/r,2.5,2.0,0.0,0.7127780330126097,0.5914984981163466,-2.5,-2
0629-1,3,3_05,4.0,5,3_04,3_04-05,p0,f,p0/r0,2.5,0.5,0.5,0.5576108594207678,0.3199099070243558,-2.5,-2
0629-1,3,3_05,4.0,5,3_04,3_04-05,p,f,p/r,2.5,0.5,0.5,0.5576108594207678,0.5324531794151558,-2.5,-2
0522-1,3,3_06,7.0,6,3_07,3_06-07,r0,b,p0/r0,12.0,1.5,0.0,0.158172397404193,0.5166251837924208,0.5,-1
0522-1,3,3_06,7.0,6,3_07,3_06-07,r,b,p/r,12.0,2.5,0.5,0.4831934928993681,0.6598275554621411,0.5,-1
0522-3,3,3_06,7.0,6,3_07,3_06-07,r0,b,p0/r0,12.0,3.5,0.0,0.3838536297245545,0.5591509399400392,0.5,-1
0522-3,3,3_06,7.0,6,3_07,3_06-07,r,b,p/r,12.0,5.5,1.5,0.6579872447798332,0.904970685016894,0.5,-1
0523-2,3,3_06,7.0,6,3_07,3_06-07,r0,b,p0/r0,12.0,2.5,0.0,0.1617583413396215,0.4472503768338297,0.5,-1
0523-2,3,3_06,7.0,6,3_07,3_06-07,r,b,p/r,12.0,3.5,1.5,0.4716837810915579,0.6831137692211712,0.5,-1
0523-4,3,3_06,7.0,6,3_07,3_06-07,r0,b,p0/r0,12.0,1.5,0.0,0.2874220984462729,0.5870598662234844,0.5,-1
0523-4,3,3_06,7.0,6,3_07,3_06-07,r,b,p/r,12.0,5.5,1.5,0.6172358485401622,0.853219228530373,0.5,-1
0524-1,3,3_06,7.0,6,3_07,3_06-07,r0,b,p0/r0,12.0,1.5,0.0,0.1966881891719303,0.5087720233515397,0.5,-1
0524-1,3,3_06,7.0,6,3_07,3_06-07,r,b,p/r,12.0,4.0,0.0,0.4942737289407374,0.8514599100030509,0.5,-1
0525-1,3,3_06,7.0,6,3_07,3_06-07,r0,b,p0/r0,12.0,3.0,0.0,0.3794928525219417,0.4672845964685696,0.5,-1
0525-1,3,3_06,7.0,6,3_07,3_06-07,r,b,p/r,12.0,10.0,0.0,0.6375446118566074,0.6895909570223805,0.5,-1
0526-1,3,3_06,7.0,6,3_07,3_06-07,r0,b,p0/r0,12.0,1.5,0.0,0.1187057452891628,0.4767005133061308,0.5,-1
0526-1,3,3_06,7.0,6,3_07,3_06-07,r,b,p/r,12.0,1.5,0.5,0.5070235811185153,0.7617873773471571,0.5,-1
0526-3,3,3_06,7.0,6,3_07,3_06-07,r0,b,p0/r0,12.0,1.5,0.0,0.2507367269209615,0.5549158412076447,0.5,-1
0526-3,3,3_06,7.0,6,3_07,3_06-07,r,b,p/r,12.0,2.0,1.0,0.6362491039880334,0.8984232486981834,0.5,-1
0527-2,3,3_06,7.0,6,3_07,3_06-07,r0,b,p0/r0,12.0,2.0,0.0,0.2009625206113012,0.3668098110219009,0.5,-1
0527-2,3,3_06,7.0,6,3_07,3_06-07,r,b,p/r,12.0,6.0,0.0,0.5115466723419939,0.7680780615462662,0.5,-1
0528-2,3,3_06,7.0,6,3_07,3_06-07,r0,b,p0/r0,12.0,2.0,0.0,0.320829348651497,0.4599770132193558,0.5,-1
0528-2,3,3_06,7.0,6,3_07,3_06-07,r,b,p/r,12.0,1.5,0.5,0.5185354110786986,0.8105187332036524,0.5,-1
0528-3,3,3_06,7.0,6,3_07,3_06-07,r0,b,p0/r0,12.0,1.5,0.0,0.1602512658627495,0.4603436584061456,0.5,-1
0528-3,3,3_06,7.0,6,3_07,3_06-07,r,b,p/r,12.0,4.0,0.0,0.5902966511875687,0.8594037663959784,0.5,-1
0612-1,3,3_06,7.0,6,3_07,3_06-07,r0,b,p0/r0,12.0,1.5,0.0,0.3570565502052393,0.4432862792981841,0.5,-1
0612-1,3,3_06,7.0,6,3_07,3_06-07,r,b,p/r,12.0,2.5,0.5,0.5749865052367928,0.934162861469022,0.5,-1
0613-1,3,3_06,7.0,6,3_07,3_06-07,r0,b,p0/r0,12.0,3.5,0.0,0.287154078930509,0.5893981944803912,0.5,-1
0613-1,3,3_06,7.0,6,3_07,3_06-07,r,b,p/r,12.0,2.0,0.0,0.4793026715696675,0.8196818840053461,0.5,-1
0615-1,3,3_06,7.0,6,3_07,3_06-07,r0,b,p0/r0,12.0,1.0,0.0,0.2132392914669764,0.3263906952914883,0.5,-1
0615-1,3,3_06,7.0,6,3_07,3_06-07,r,b,p/r,12.0,2.5,0.5,0.6027471100986889,0.8403248961136117,0.5,-1
0616-1,3,3_06,7.0,6,3_07,3_06-07,r0,b,p0/r0,12.0,0.5,0.5,0.3433872619891256,0.2232150718229111,0.5,-1
0616-1,3,3_06,7.0,6,3_07,3_06-07,r,b,p/r,12.0,4.5,0.5,0.622721769359825,0.8591393055150379,0.5,-1
0619-1,3,3_06,7.0,6,3_07,3_06-07,r0,b,p0/r0,12.0,1.5,0.0,0.111276804350875,0.4750142316155725,0.5,-1
0619-1,3,3_06,7.0,6,3_07,3_06-07,r,b,p/r,12.0,5.5,0.5,0.5356841146778302,0.8179696029811259,0.5,-1
0706-1,3,3_06,7.0,6,3_07,3_06-07,r0,b,p0/r0,12.0,1.0,0.0,0.353965430447193,0.4502083429218178,0.5,-1
0707-1,3,3_06,7.0,6,3_07,3_06-07,r0,b,p0/r0,12.0,1.5,0.0,0.2464522399811007,0.4372795356184969,0.5,-1
0707-1,3,3_06,7.0,6,3_07,3_06-07,r,b,p/r,12.0,5.0,0.0,0.6301040050745188,0.7523528818485783,0.5,-1
0707-2,3,3_06,7.0,6,3_07,3_06-07,r0,b,p0/r0,12.0,1.5,0.0,0.1575655576073397,0.4900023130124152,0.5,-1
0707-2,3,3_06,7.0,6,3_07,3_06-07,r,b,p/r,12.0,5.0,4.0,0.5110014962637371,0.7477938908923365,0.5,-1
0522-2,3,3_06,5.0,6,3_05,3_05-06,p0,f,p0/r0,12.0,2.0,1.0,0.2573656843381184,0.5168452245935474,-1.5,-1
0522-2,3,3_06,5.0,6,3_05,3_05-06,p,f,p/r,12.0,4.0,1.0,0.597427507755643,0.8709039034485503,-1.5,-1
0523-1,3,3_06,5.0,6,3_05,3_05-06,p0,f,p0/r0,12.0,1.0,0.0,0.3704712638616491,0.5105905667009403,-1.5,-1
0523-1,3,3_06,5.0,6,3_05,3_05-06,p,f,p/r,12.0,4.0,2.0,0.5720697776356346,0.9288783447260056,-1.5,-1
0523-3,3,3_06,5.0,6,3_05,3_05-06,p0,f,p0/r0,12.0,2.0,2.0,0.4452073922976619,0.6996747946756352,-1.5,-1
0523-3,3,3_06,5.0,6,3_05,3_05-06,p,f,p/r,12.0,5.0,2.0,0.667177750290472,0.9645028341829238,-1.5,-1
0523-5,3,3_06,5.0,6,3_05,3_05-06,p0,f,p0/r0,12.0,1.0,0.0,0.3370616760195283,0.2215361891177786,-1.5,-1
0523-5,3,3_06,5.0,6,3_05,3_05-06,p,f,p/r,12.0,3.0,0.0,0.5030449054496836,0.8019146324395382,-1.5,-1
0524-2,3,3_06,5.0,6,3_05,3_05-06,p0,f,p0/r0,12.0,2.5,0.0,0.461077023987033,0.2637448318442598,-1.5,-1
0524-2,3,3_06,5.0,6,3_05,3_05-06,p,f,p/r,12.0,4.0,0.0,0.5780261666041504,0.8736399263050697,-1.5,-1
0525-2,3,3_06,5.0,6,3_05,3_05-06,p0,f,p0/r0,12.0,3.5,2.0,0.3197446505126607,0.6988998923109133,-1.5,-1
0525-2,3,3_06,5.0,6,3_05,3_05-06,p,f,p/r,12.0,6.5,2.0,0.4264976705787866,0.8070394820076745,-1.5,-1
0526-2,3,3_06,5.0,6,3_05,3_05-06,p0,f,p0/r0,12.0,1.5,0.0,0.0130263213713204,0.3080359350860777,-1.5,-1
0526-2,3,3_06,5.0,6,3_05,3_05-06,p,f,p/r,12.0,3.0,0.0,0.5024016490207511,0.8757932463073024,-1.5,-1
0527-1,3,3_06,5.0,6,3_05,3_05-06,p0,f,p0/r0,12.0,3.0,0.0,0.3199004008512978,0.6082061891377495,-1.5,-1
0527-1,3,3_06,5.0,6,3_05,3_05-06,p,f,p/r,12.0,5.0,1.0,0.569968435196663,0.8638568072834927,-1.5,-1
0528-1,3,3_06,5.0,6,3_05,3_05-06,p0,f,p0/r0,12.0,3.0,0.0,0.3716302298830456,0.6999178883684255,-1.5,-1
0528-1,3,3_06,5.0,6,3_05,3_05-06,p,f,p/r,12.0,5.0,0.0,0.6444002735625273,0.9114192832291244,-1.5,-1
0608-1,3,3_06,5.0,6,3_05,3_05-06,p0,f,p0/r0,12.0,3.0,0.0,0.2639950735352088,0.316532988449912,-1.5,-1
0608-1,3,3_06,5.0,6,3_05,3_05-06,p,f,p/r,12.0,5.5,0.5,0.5454733165640459,0.7973387475159298,-1.5,-1
0608-2,3,3_06,5.0,6,3_05,3_05-06,p0,f,p0/r0,12.0,4.0,0.0,0.3446391305043551,0.723819997143248,-1.5,-1
0608-2,3,3_06,5.0,6,3_05,3_05-06,p,f,p/r,12.0,8.0,0.0,0.5680634204026743,0.8159200259422441,-1.5,-1
0611-1,3,3_06,5.0,6,3_05,3_05-06,p0,f,p0/r0,12.0,3.5,0.0,0.4114747604876471,0.7161432179747589,-1.5,-1
0611-1,3,3_06,5.0,6,3_05,3_05-06,p,f,p/r,12.0,6.5,0.0,0.5589257861700868,0.8844327189751278,-1.5,-1
0612-2,3,3_06,5.0,6,3_05,3_05-06,p0,f,p0/r0,12.0,4.0,2.0,0.4332720845328121,0.6966928714488592,-1.5,-1
0612-2,3,3_06,5.0,6,3_05,3_05-06,p,f,p/r,12.0,8.0,2.0,0.5669566334602131,0.7638245670057686,-1.5,-1
0614-1,3,3_06,5.0,6,3_05,3_05-06,p0,f,p0/r0,12.0,2.0,0.0,0.3265636777830414,0.7162735595817002,-1.5,-1
0614-1,3,3_06,5.0,6,3_05,3_05-06,p,f,p/r,12.0,10.0,0.0,0.6109450425363804,0.8707169915432443,-1.5,-1
0615-2,3,3_06,5.0,6,3_05,3_05-06,p0,f,p0/r0,12.0,3.5,0.0,0.3069648267918136,0.6819948467738601,-1.5,-1
0615-2,3,3_06,5.0,6,3_05,3_05-06,p,f,p/r,12.0,9.5,0.0,0.661599493759679,0.8246311306827395,-1.5,-1
0615-3,3,3_06,5.0,6,3_05,3_05-06,p0,f,p0/r0,12.0,2.0,2.0,0.5083899019066368,0.6972541184572014,-1.5,-1
0615-3,3,3_06,5.0,6,3_05,3_05-06,p,f,p/r,12.0,7.0,2.0,0.7278871656095449,0.9129629570480864,-1.5,-1
0619-2,3,3_06,5.0,6,3_05,3_05-06,p0,f,p0/r0,12.0,2.0,0.0,0.6507286788831821,0.2204778410981336,-1.5,-1
0619-2,3,3_06,5.0,6,3_05,3_05-06,p,f,p/r,12.0,8.0,1.0,0.6110776195774532,0.8286488242905444,-1.5,-1
0629-1,3,3_06,5.0,6,3_05,3_05-06,p0,f,p0/r0,12.0,1.0,0.0,0.2136961728709161,0.5605002470097494,-1.5,-1
0629-1,3,3_06,5.0,6,3_05,3_05-06,p,f,p/r,12.0,3.0,0.0,0.4451812488181139,0.8285124072726646,-1.5,-1
0522-1,3,3_07,6.0,7,3_08,3_07-08,r0,b,p0/r0,6.5,0.0,0.0,0.2214522993085486,0.3814446642552738,-0.5,0
0522-1,3,3_07,6.0,7,3_08,3_07-08,r,b,p/r,6.5,0.0,0.0,0.4569425098676616,0.5129101186997679,-0.5,0
0522-3,3,3_07,6.0,7,3_08,3_07-08,r0,b,p0/r0,6.5,1.5,0.0,0.3331569720281025,0.4783360031732868,-0.5,0
0522-3,3,3_07,6.0,7,3_08,3_07-08,r,b,p/r,6.5,4.0,2.0,0.7661967907281143,0.8213712065160128,-0.5,0
0523-2,3,3_07,6.0,7,3_08,3_07-08,r0,b,p0/r0,6.5,2.0,0.0,0.2241315039355063,0.4076643801327101,-0.5,0
0523-2,3,3_07,6.0,7,3_08,3_07-08,r,b,p/r,6.5,0.5,0.5,0.6151607778465209,0.7279490461963419,-0.5,0
0523-4,3,3_07,6.0,7,3_08,3_07-08,r0,b,p0/r0,6.5,4.0,0.0,0.4022625641523896,0.4398601663421627,-0.5,0
0523-4,3,3_07,6.0,7,3_08,3_07-08,r,b,p/r,6.5,4.0,2.0,0.6529773158745534,0.7254709855203065,-0.5,0
0524-1,3,3_07,6.0,7,3_08,3_07-08,r0,b,p0/r0,6.5,1.5,0.0,0.3337145457662273,0.5591384614493369,-0.5,0
0524-1,3,3_07,6.0,7,3_08,3_07-08,r,b,p/r,6.5,1.0,0.0,0.6557899016409523,0.7526734154726549,-0.5,0
0525-1,3,3_07,6.0,7,3_08,3_07-08,r0,b,p0/r0,6.5,5.5,0.0,0.3928919862495576,0.5734700414281493,-0.5,0
0525-1,3,3_07,6.0,7,3_08,3_07-08,r,b,p/r,6.5,2.0,0.0,0.5351226675835072,0.6138739525542675,-0.5,0
0526-1,3,3_07,6.0,7,3_08,3_07-08,r0,b,p0/r0,6.5,1.0,0.0,0.3005237001684359,0.5034438702070604,-0.5,0
0526-1,3,3_07,6.0,7,3_08,3_07-08,r,b,p/r,6.5,4.0,2.0,0.7188696864643652,0.7650263162162698,-0.5,0
0526-3,3,3_07,6.0,7,3_08,3_07-08,r0,b,p0/r0,6.5,1.5,0.0,0.3017640540621494,0.6065022926255349,-0.5,0
0526-3,3,3_07,6.0,7,3_08,3_07-08,r,b,p/r,6.5,2.0,2.0,0.6582938802711388,0.8105309914223078,-0.5,0
0527-2,3,3_07,6.0,7,3_08,3_07-08,r0,b,p0/r0,6.5,1.0,0.0,0.1922471027563473,0.3498037290344111,-0.5,0
0527-2,3,3_07,6.0,7,3_08,3_07-08,r,b,p/r,6.5,1.0,0.0,0.6343930092453435,0.5699640234758052,-0.5,0
0528-2,3,3_07,6.0,7,3_08,3_07-08,r0,b,p0/r0,6.5,2.0,0.0,0.3528941547545312,0.5124837062647489,-0.5,0
0528-2,3,3_07,6.0,7,3_08,3_07-08,r,b,p/r,6.5,1.0,0.0,0.5973063087598918,0.6104749869347582,-0.5,0
0528-3,3,3_07,6.0,7,3_08,3_07-08,r0,b,p0/r0,6.5,1.5,0.0,0.2681900627704562,0.3136078059806109,-0.5,0
0528-3,3,3_07,6.0,7,3_08,3_07-08,r,b,p/r,6.5,2.5,0.5,0.7297517024182555,0.7182977116440363,-0.5,0
0612-1,3,3_07,6.0,7,3_08,3_07-08,r0,b,p0/r0,6.5,2.0,0.0,0.3476091241875702,0.4987039405658486,-0.5,0
0612-1,3,3_07,6.0,7,3_08,3_07-08,r,b,p/r,6.5,2.5,0.5,0.7088555055377752,0.7622437894429968,-0.5,0
0613-1,3,3_07,6.0,7,3_08,3_07-08,r0,b,p0/r0,6.5,1.5,0.0,0.2770830490578941,0.5197309740853994,-0.5,0
0613-1,3,3_07,6.0,7,3_08,3_07-08,r,b,p/r,6.5,2.0,2.0,0.5475967132696558,0.6411083019611034,-0.5,0
0615-1,3,3_07,6.0,7,3_08,3_07-08,r0,b,p0/r0,6.5,4.0,0.0,0.4013645441198892,0.5850107903251588,-0.5,0
0615-1,3,3_07,6.0,7,3_08,3_07-08,r,b,p/r,6.5,2.5,0.5,0.6315385266096234,0.6669712432463651,-0.5,0
0616-1,3,3_07,6.0,7,3_08,3_07-08,r0,b,p0/r0,6.5,2.5,0.0,0.3737304631701284,0.5453389335523027,-0.5,0
0616-1,3,3_07,6.0,7,3_08,3_07-08,r,b,p/r,6.5,2.0,2.0,0.7280993174523881,0.8282420863497261,-0.5,0
0619-1,3,3_07,6.0,7,3_08,3_07-08,r0,b,p0/r0,6.5,3.5,0.0,0.6813580547092769,0.4617989502568838,-0.5,0
0619-1,3,3_07,6.0,7,3_08,3_07-08,r,b,p/r,6.5,2.0,2.0,0.802694939574211,0.7954655248089014,-0.5,0
0706-1,3,3_07,6.0,7,3_08,3_07-08,r0,b,p0/r0,6.5,2.0,0.0,0.3377772543262767,0.5383353749224139,-0.5,0
0706-1,3,3_07,6.0,7,3_08,3_07-08,r,b,p/r,6.5,2.0,0.0,0.4734885985311356,0.4777995560782107,-0.5,0
0707-1,3,3_07,6.0,7,3_08,3_07-08,r0,b,p0/r0,6.5,2.0,0.0,0.5164010879607333,0.2604550920663271,-0.5,0
0707-1,3,3_07,6.0,7,3_08,3_07-08,r,b,p/r,6.5,2.0,2.0,0.8571581903192315,0.7344190851672115,-0.5,0
0707-2,3,3_07,6.0,7,3_08,3_07-08,r0,b,p0/r0,6.5,1.0,0.0,0.3194424862346077,0.5036234473351273,-0.5,0
0707-2,3,3_07,6.0,7,3_08,3_07-08,r,b,p/r,6.5,0.5,0.5,0.6128663153620519,0.7217940429837226,-0.5,0
0522-2,3,3_07,6.0,7,3_06,3_06-07,p0,f,p0/r0,6.5,2.0,0.0,0.2754846195151755,0.2470535668217131,-0.5,0
0522-2,3,3_07,6.0,7,3_06,3_06-07,p,f,p/r,6.5,2.0,0.0,0.6049034333794912,0.7850387883038078,-0.5,0
0523-1,3,3_07,6.0,7,3_06,3_06-07,p0,f,p0/r0,6.5,2.0,0.0,0.7369073573534887,0.5414543667065991,-0.5,0
0523-1,3,3_07,6.0,7,3_06,3_06-07,p,f,p/r,6.5,2.0,0.0,0.7080518377521003,0.8118343045532886,-0.5,0
0523-3,3,3_07,6.0,7,3_06,3_06-07,p0,f,p0/r0,6.5,3.0,0.0,0.6665652782979516,0.5695959984447159,-0.5,0
0523-3,3,3_07,6.0,7,3_06,3_06-07,p,f,p/r,6.5,3.0,0.0,0.678489225576253,0.5296209755754256,-0.5,0
0523-5,3,3_07,6.0,7,3_06,3_06-07,p0,f,p0/r0,6.5,1.0,0.0,0.249404252641236,0.43959458404218,-0.5,0
0523-5,3,3_07,6.0,7,3_06,3_06-07,p,f,p/r,6.5,2.0,0.0,0.4481908197540554,0.6237441431394738,-0.5,0
0524-2,3,3_07,6.0,7,3_06,3_06-07,p0,f,p0/r0,6.5,2.0,0.0,0.6004080549063033,0.5580261660739522,-0.5,0
0524-2,3,3_07,6.0,7,3_06,3_06-07,p,f,p/r,6.5,3.0,0.0,0.6745921666070664,0.7597464135199828,-0.5,0
0525-2,3,3_07,6.0,7,3_06,3_06-07,p0,f,p0/r0,6.5,4.0,0.0,0.6077025272116969,0.6098395346963589,-0.5,0
0525-2,3,3_07,6.0,7,3_06,3_06-07,p,f,p/r,6.5,4.0,0.0,0.6077025272116969,0.4541857141641452,-0.5,0
0526-2,3,3_07,6.0,7,3_06,3_06-07,p0,f,p0/r0,6.5,1.0,0.0,0.2462895683342663,0.2370921682385178,-0.5,0
0526-2,3,3_07,6.0,7,3_06,3_06-07,p,f,p/r,6.5,1.0,0.0,0.4893729041644544,0.6382243779031813,-0.5,0
0527-1,3,3_07,6.0,7,3_06,3_06-07,p0,f,p0/r0,6.5,3.0,0.0,0.4878173101334372,0.5989175752613348,-0.5,0
0527-1,3,3_07,6.0,7,3_06,3_06-07,p,f,p/r,6.5,2.0,0.0,0.4944246733612479,0.6619863638535174,-0.5,0
0528-1,3,3_07,6.0,7,3_06,3_06-07,p0,f,p0/r0,6.5,4.0,0.0,0.5089265956455795,0.6241455111860522,-0.5,0
0528-1,3,3_07,6.0,7,3_06,3_06-07,p,f,p/r,6.5,1.0,0.0,0.4466357166728252,0.7092541853595508,-0.5,0
0608-1,3,3_07,6.0,7,3_06,3_06-07,p0,f,p0/r0,6.5,4.0,0.0,0.6788768145593902,0.5704887921644656,-0.5,0
0608-1,3,3_07,6.0,7,3_06,3_06-07,p,f,p/r,6.5,4.0,0.0,0.6990632041683889,0.881373728928991,-0.5,0
0608-2,3,3_07,6.0,7,3_06,3_06-07,p0,f,p0/r0,6.5,5.0,0.0,0.653716888804942,0.6438796589892618,-0.5,0
0608-2,3,3_07,6.0,7,3_06,3_06-07,p,f,p/r,6.5,4.0,0.0,0.7500671254852813,0.7213639724059698,-0.5,0
0611-1,3,3_07,6.0,7,3_06,3_06-07,p0,f,p0/r0,6.5,5.0,0.0,0.6136778487390779,0.6603865256899443,-0.5,0
0611-1,3,3_07,6.0,7,3_06,3_06-07,p,f,p/r,6.5,3.5,0.5,0.7241833844562175,0.7725809030980775,-0.5,0
0612-2,3,3_07,6.0,7,3_06,3_06-07,p0,f,p0/r0,6.5,2.0,0.0,0.3920795106498776,0.608056043565061,-0.5,0
0612-2,3,3_07,6.0,7,3_06,3_06-07,p,f,p/r,6.5,2.0,0.0,0.641969482738201,0.7550571214840822,-0.5,0
0614-1,3,3_07,6.0,7,3_06,3_06-07,p0,f,p0/r0,6.5,4.0,0.0,0.2919091239867153,0.4895388283065823,-0.5,0
0614-1,3,3_07,6.0,7,3_06,3_06-07,p,f,p/r,6.5,4.0,0.0,0.6807559420669792,0.7877958294969134,-0.5,0
0615-2,3,3_07,6.0,7,3_06,3_06-07,p0,f,p0/r0,6.5,3.0,0.0,0.4071795284644793,0.6322891676260981,-0.5,0
0615-2,3,3_07,6.0,7,3_06,3_06-07,p,f,p/r,6.5,1.5,0.5,0.7363785357525024,0.7926457540664338,-0.5,0
0615-3,3,3_07,6.0,7,3_06,3_06-07,p0,f,p0/r0,6.5,3.5,0.5,0.8170058839865801,0.4752103485576282,-0.5,0
0615-3,3,3_07,6.0,7,3_06,3_06-07,p,f,p/r,6.5,3.5,0.5,0.8170058839865801,0.8169983619407916,-0.5,0
0619-2,3,3_07,6.0,7,3_06,3_06-07,p0,f,p0/r0,6.5,3.0,0.0,0.2186842631240887,0.4705314386635004,-0.5,0
0619-2,3,3_07,6.0,7,3_06,3_06-07,p,f,p/r,6.5,4.0,0.0,0.5687877388642308,0.7232083436693816,-0.5,0
0629-1,3,3_07,6.0,7,3_06,3_06-07,p0,f,p0/r0,6.5,2.0,0.0,0.6046964736810414,0.6027969933071604,-0.5,0
0629-1,3,3_07,6.0,7,3_06,3_06-07,p,f,p/r,6.5,1.0,0.0,0.5101542255593638,0.6817167888589849,-0.5,0
0522-1,3,3_08,5.0,8,3_09,3_08-09,r0,b,p0/r0,2.0,2.0,0.0,0.2225041899846937,0.4626214212778059,-1.5,1
0522-1,3,3_08,5.0,8,3_09,3_08-09,r,b,p/r,2.0,0.0,0.0,0.7418582290712119,0.6864134736945944,-1.5,1
0522-3,3,3_08,5.0,8,3_09,3_08-09,r0,b,p0/r0,2.0,1.0,0.0,0.1058919292065007,0.3941220144695061,-1.5,1
0522-3,3,3_08,5.0,8,3_09,3_08-09,r,b,p/r,2.0,4.0,0.0,0.7255983586241194,0.7330664082149979,-1.5,1
0523-2,3,3_08,5.0,8,3_09,3_08-09,r0,b,p0/r0,2.0,2.0,0.0,0.4133998466125729,0.1825882854656895,-1.5,1
0523-2,3,3_08,5.0,8,3_09,3_08-09,r,b,p/r,2.0,1.0,0.0,0.7338962009231785,0.7101534217000854,-1.5,1
0523-4,3,3_08,5.0,8,3_09,3_08-09,r0,b,p0/r0,2.0,2.5,0.0,0.3070476248187223,0.4985500325202144,-1.5,1
0523-4,3,3_08,5.0,8,3_09,3_08-09,r,b,p/r,2.0,4.0,1.0,1.026834614378609,0.807396440947444,-1.5,1
0524-1,3,3_08,5.0,8,3_09,3_08-09,r0,b,p0/r0,2.0,2.0,0.0,0.3920257762877826,0.4084865402182733,-1.5,1
0524-1,3,3_08,5.0,8,3_09,3_08-09,r,b,p/r,2.0,1.0,0.0,0.7006237827271742,0.7973658231799046,-1.5,1
0525-1,3,3_08,5.0,8,3_09,3_08-09,r0,b,p0/r0,2.0,2.0,0.0,0.1776142720591543,0.3040927783128732,-1.5,1
0525-1,3,3_08,5.0,8,3_09,3_08-09,r,b,p/r,2.0,3.0,0.0,0.7683720826988713,0.6636387949247919,-1.5,1
0526-1,3,3_08,5.0,8,3_09,3_08-09,r0,b,p0/r0,2.0,1.0,0.0,0.3980174209707559,0.3551732160702364,-1.5,1
0526-1,3,3_08,5.0,8,3_09,3_08-09,r,b,p/r,2.0,1.5,0.0,0.7535001011648318,0.8759494727670508,-1.5,1
0526-3,3,3_08,5.0,8,3_09,3_08-09,r0,b,p0/r0,2.0,1.0,0.0,0.1684607323510689,0.4352742557652655,-1.5,1
0526-3,3,3_08,5.0,8,3_09,3_08-09,r,b,p/r,2.0,0.5,0.0,0.6632326049690928,0.7845407701735067,-1.5,1
0527-2,3,3_08,5.0,8,3_09,3_08-09,r0,b,p0/r0,2.0,1.0,0.0,0.0813067405623199,0.3384007761822845,-1.5,1
0527-2,3,3_08,5.0,8,3_09,3_08-09,r,b,p/r,2.0,1.0,0.0,0.7144094402887219,0.7035708921915238,-1.5,1
0528-2,3,3_08,5.0,8,3_09,3_08-09,r0,b,p0/r0,2.0,1.5,0.0,0.0346989909468208,0.2250247598584363,-1.5,1
0528-2,3,3_08,5.0,8,3_09,3_08-09,r,b,p/r,2.0,1.0,0.0,0.5894390141556279,0.6318572885730138,-1.5,1
0528-3,3,3_08,5.0,8,3_09,3_08-09,r0,b,p0/r0,2.0,3.5,0.0,0.1716916004563442,0.4065391180950203,-1.5,1
0528-3,3,3_08,5.0,8,3_09,3_08-09,r,b,p/r,2.0,3.0,0.0,0.674603918808816,0.7160631701936166,-1.5,1
0612-1,3,3_08,5.0,8,3_09,3_08-09,r0,b,p0/r0,2.0,1.5,0.0,0.3629966497798731,0.214367439950819,-1.5,1
0612-1,3,3_08,5.0,8,3_09,3_08-09,r,b,p/r,2.0,2.0,0.0,0.8230297767969814,0.7272613540848747,-1.5,1
0613-1,3,3_08,5.0,8,3_09,3_08-09,r0,b,p0/r0,2.0,1.0,0.0,0.3091395336411952,0.1975221099516203,-1.5,1
0613-1,3,3_08,5.0,8,3_09,3_08-09,r,b,p/r,2.0,2.0,0.0,0.8754264599162173,0.7889910468372271,-1.5,1
0615-1,3,3_08,5.0,8,3_09,3_08-09,r0,b,p0/r0,2.0,1.0,0.0,0.4909816205900899,0.2545364364431461,-1.5,1
0615-1,3,3_08,5.0,8,3_09,3_08-09,r,b,p/r,2.0,2.0,0.0,0.8254310313943974,0.7754090806713134,-1.5,1
0616-1,3,3_08,5.0,8,3_09,3_08-09,r0,b,p0/r0,2.0,3.0,0.0,0.3189607546906389,0.4914137949056185,-1.5,1
0616-1,3,3_08,5.0,8,3_09,3_08-09,r,b,p/r,2.0,2.0,0.0,0.6225608730531766,0.7389103442649579,-1.5,1
0619-1,3,3_08,5.0,8,3_09,3_08-09,r0,b,p0/r0,2.0,2.0,0.0,0.2561239025957196,0.4470268511466192,-1.5,1
0619-1,3,3_08,5.0,8,3_09,3_08-09,r,b,p/r,2.0,3.0,0.0,0.6646973394736986,0.7102924914040573,-1.5,1
0706-1,3,3_08,5.0,8,3_09,3_08-09,r0,b,p0/r0,2.0,2.0,0.0,0.1056492135148285,0.4257735025725029,-1.5,1
0706-1,3,3_08,5.0,8,3_09,3_08-09,r,b,p/r,2.0,4.0,0.0,0.4892083569590554,0.5105464583256804,-1.5,1
0707-1,3,3_08,5.0,8,3_09,3_08-09,r0,b,p0/r0,2.0,3.0,0.0,0.7284271306852926,0.2304178903106106,-1.5,1
0707-1,3,3_08,5.0,8,3_09,3_08-09,r,b,p/r,2.0,4.0,0.0,0.7504945913109716,0.7322085002637934,-1.5,1
0707-2,3,3_08,5.0,8,3_09,3_08-09,r0,b,p0/r0,2.0,0.5,0.0,0.132374880729945,0.2368179327250034,-1.5,1
0707-2,3,3_08,5.0,8,3_09,3_08-09,r,b,p/r,2.0,1.0,0.0,0.5396601991042344,0.5834499298953439,-1.5,1
0522-2,3,3_08,7.0,8,3_07,3_07-08,p0,f,p0/r0,2.0,2.0,0.0,0.4062054963283021,0.7177040155802556,0.5,1
0522-2,3,3_08,7.0,8,3_07,3_07-08,p,f,p/r,2.0,3.0,0.0,0.7957679864178517,0.8003258674512306,0.5,1
0523-1,3,3_08,7.0,8,3_07,3_07-08,p0,f,p0/r0,2.0,2.0,0.0,0.8159431071657475,0.5686576997816839,0.5,1
0523-1,3,3_08,7.0,8,3_07,3_07-08,p,f,p/r,2.0,2.0,0.0,1.142271139581096,0.8681831836287915,0.5,1
0523-3,3,3_08,7.0,8,3_07,3_07-08,p0,f,p0/r0,2.0,1.5,0.0,0.3361637080594463,0.521891371008082,0.5,1
0523-3,3,3_08,7.0,8,3_07,3_07-08,p,f,p/r,2.0,2.0,0.0,0.7822744371565621,0.8243089814952189,0.5,1
0523-5,3,3_08,7.0,8,3_07,3_07-08,p0,f,p0/r0,2.0,3.0,0.0,0.6017594861967343,0.6871864469400668,0.5,1
0523-5,3,3_08,7.0,8,3_07,3_07-08,p,f,p/r,2.0,1.0,1.0,0.9764138862879266,0.8352213411846662,0.5,1
0524-2,3,3_08,7.0,8,3_07,3_07-08,p0,f,p0/r0,2.0,1.5,0.0,0.5151480593085362,0.6695683856557498,0.5,1
0524-2,3,3_08,7.0,8,3_07,3_07-08,p,f,p/r,2.0,4.0,1.0,0.8657543275978977,0.7807064794455084,0.5,1
0525-2,3,3_08,7.0,8,3_07,3_07-08,p0,f,p0/r0,2.0,2.0,0.0,0.3644678210864744,0.6507135632792271,0.5,1
0525-2,3,3_08,7.0,8,3_07,3_07-08,p,f,p/r,2.0,3.0,0.0,0.5424757053514361,0.6702466660932697,0.5,1
0526-2,3,3_08,7.0,8,3_07,3_07-08,p0,f,p0/r0,2.0,1.0,0.0,0.3594566244495159,0.6741041320626839,0.5,1
0526-2,3,3_08,7.0,8,3_07,3_07-08,p,f,p/r,2.0,2.0,1.0,0.9451760129482925,0.8480373690767594,0.5,1
0527-1,3,3_08,7.0,8,3_07,3_07-08,p0,f,p0/r0,2.0,2.5,0.0,0.8449962420987295,0.6081858150860929,0.5,1
0527-1,3,3_08,7.0,8,3_07,3_07-08,p,f,p/r,2.0,3.0,0.0,0.942665411007335,0.7810583074978464,0.5,1
0528-1,3,3_08,7.0,8,3_07,3_07-08,p0,f,p0/r0,2.0,4.0,0.0,0.4975621746663664,0.5949990368838046,0.5,1
0528-1,3,3_08,7.0,8,3_07,3_07-08,p,f,p/r,2.0,2.0,0.0,0.6635229423845607,0.7419417173035211,0.5,1
0608-1,3,3_08,7.0,8,3_07,3_07-08,p0,f,p0/r0,2.0,1.0,0.0,0.6466258240343588,0.7432554869810776,0.5,1
0608-1,3,3_08,7.0,8,3_07,3_07-08,p,f,p/r,2.0,2.0,0.0,0.8797290763690828,0.8518418449493783,0.5,1
0608-2,3,3_08,7.0,8,3_07,3_07-08,p0,f,p0/r0,2.0,1.0,0.0,0.4515070802514213,0.7170319972734235,0.5,1
0608-2,3,3_08,7.0,8,3_07,3_07-08,p,f,p/r,2.0,3.0,0.0,0.755806347878873,0.8166505698353977,0.5,1
0611-1,3,3_08,7.0,8,3_07,3_07-08,p0,f,p0/r0,2.0,4.0,1.0,0.5499545352058126,0.5263863747947131,0.5,1
0611-1,3,3_08,7.0,8,3_07,3_07-08,p,f,p/r,2.0,6.0,1.0,0.8947629120341657,0.8759778326686086,0.5,1
0612-2,3,3_08,7.0,8,3_07,3_07-08,p0,f,p0/r0,2.0,1.0,0.0,0.2697622497011072,0.3897225763499148,0.5,1
0612-2,3,3_08,7.0,8,3_07,3_07-08,p,f,p/r,2.0,3.0,1.0,0.7751636761227458,0.7620029020752227,0.5,1
0614-1,3,3_08,7.0,8,3_07,3_07-08,p0,f,p0/r0,2.0,2.0,0.0,0.443874441392739,0.447967214922803,0.5,1
0614-1,3,3_08,7.0,8,3_07,3_07-08,p,f,p/r,2.0,4.0,1.0,0.7762651251921647,0.7120924053405608,0.5,1
0615-2,3,3_08,7.0,8,3_07,3_07-08,p0,f,p0/r0,2.0,3.0,0.0,0.4063681692273371,0.3912002060512916,0.5,1
0615-2,3,3_08,7.0,8,3_07,3_07-08,p,f,p/r,2.0,4.0,1.0,1.0860844161854304,0.8887740694207106,0.5,1
0615-3,3,3_08,7.0,8,3_07,3_07-08,p0,f,p0/r0,2.0,2.5,0.0,0.4705040657952907,0.5588766173209597,0.5,1
0615-3,3,3_08,7.0,8,3_07,3_07-08,p,f,p/r,2.0,3.0,1.0,0.7775928642727418,0.759138376516481,0.5,1
0619-2,3,3_08,7.0,8,3_07,3_07-08,p0,f,p0/r0,2.0,1.0,0.0,0.0511170358756939,0.1929221490423286,0.5,1
0619-2,3,3_08,7.0,8,3_07,3_07-08,p,f,p/r,2.0,2.0,0.0,0.7222842938369245,0.6479460128659094,0.5,1
0629-1,3,3_08,7.0,8,3_07,3_07-08,p0,f,p0/r0,2.0,0.5,0.0,0.3529613286927661,0.6120824101657663,0.5,1
0629-1,3,3_08,7.0,8,3_07,3_07-08,p,f,p/r,2.0,1.0,0.0,0.5254398876115381,0.6204896009006808,0.5,1
0522-1,3,3_09,4.0,9,3_10,3_09-10,r0,b,p0/r0,1.0,3.0,0.0,0.2479745050600926,0.5595099941722289,-2.5,2
0522-1,3,3_09,4.0,9,3_10,3_09-10,r,b,p/r,1.0,3.5,0.0,0.553064409445232,0.5635196875540068,-2.5,2
0522-3,3,3_09,4.0,9,3_10,3_09-10,r0,b,p0/r0,1.0,3.5,0.0,0.4903589385507824,0.4984099366768846,-2.5,2
0522-3,3,3_09,4.0,9,3_10,3_09-10,r,b,p/r,1.0,2.0,0.0,0.5965978055039125,0.7090364332928836,-2.5,2
0523-2,3,3_09,4.0,9,3_10,3_09-10,r0,b,p0/r0,1.0,2.5,0.0,0.1730715408808708,0.3704565129121492,-2.5,2
0523-2,3,3_09,4.0,9,3_10,3_09-10,r,b,p/r,1.0,1.0,0.0,0.5359906990501427,0.6792983599358765,-2.5,2
0523-4,3,3_09,4.0,9,3_10,3_09-10,r0,b,p0/r0,1.0,2.5,0.0,0.3449951129153942,0.6400224516892069,-2.5,2
0523-4,3,3_09,4.0,9,3_10,3_09-10,r,b,p/r,1.0,1.0,0.0,0.5658333230389269,0.6794861164159055,-2.5,2
0524-1,3,3_09,4.0,9,3_10,3_09-10,r0,b,p0/r0,1.0,1.5,0.0,0.1946654344012972,0.5721843795029266,-2.5,2
0524-1,3,3_09,4.0,9,3_10,3_09-10,r,b,p/r,1.0,2.0,0.0,0.5671431415708699,0.6552422093321022,-2.5,2
0525-1,3,3_09,4.0,9,3_10,3_09-10,r0,b,p0/r0,1.0,2.5,0.0,0.2384263155770364,0.5836637966153215,-2.5,2
0525-1,3,3_09,4.0,9,3_10,3_09-10,r,b,p/r,1.0,3.0,0.0,0.6732752179888565,0.649035433023132,-2.5,2
0526-1,3,3_09,4.0,9,3_10,3_09-10,r0,b,p0/r0,1.0,1.5,0.0,0.1390159580007795,0.555714542110219,-2.5,2
0526-1,3,3_09,4.0,9,3_10,3_09-10,r,b,p/r,1.0,2.0,0.0,0.5202118351733985,0.6061833056321654,-2.5,2
0526-3,3,3_09,4.0,9,3_10,3_09-10,r0,b,p0/r0,1.0,1.0,0.0,0.2647402579705712,0.4683413554690806,-2.5,2
0526-3,3,3_09,4.0,9,3_10,3_09-10,r,b,p/r,1.0,1.0,0.0,0.5053829685325841,0.6285255535651705,-2.5,2
0527-2,3,3_09,4.0,9,3_10,3_09-10,r0,b,p0/r0,1.0,2.0,0.0,0.3807712470551448,0.5683834764240635,-2.5,2
0527-2,3,3_09,4.0,9,3_10,3_09-10,r,b,p/r,1.0,2.0,0.0,0.6987034736604287,0.7458837641309417,-2.5,2
0528-2,3,3_09,4.0,9,3_10,3_09-10,r0,b,p0/r0,1.0,2.0,0.0,0.0961479410548227,0.5785961753552171,-2.5,2
0528-2,3,3_09,4.0,9,3_10,3_09-10,r,b,p/r,1.0,1.0,0.0,0.5970687174790814,0.7169110548742471,-2.5,2
0528-3,3,3_09,4.0,9,3_10,3_09-10,r0,b,p0/r0,1.0,4.0,0.0,0.1756016975292243,0.4868974229028281,-2.5,2
0528-3,3,3_09,4.0,9,3_10,3_09-10,r,b,p/r,1.0,2.0,0.0,0.5626492020698922,0.6660535664359022,-2.5,2
0612-1,3,3_09,4.0,9,3_10,3_09-10,r0,b,p0/r0,1.0,3.0,0.0,0.080467786300036,0.4205723842004753,-2.5,2
0612-1,3,3_09,4.0,9,3_10,3_09-10,r,b,p/r,1.0,3.0,0.0,0.7722114076873035,0.6999521183060712,-2.5,2
0613-1,3,3_09,4.0,9,3_10,3_09-10,r0,b,p0/r0,1.0,1.5,0.0,0.2356993388725372,0.6238140917477063,-2.5,2
0613-1,3,3_09,4.0,9,3_10,3_09-10,r,b,p/r,1.0,2.0,0.0,0.6265486205472531,0.6599722361096038,-2.5,2
0615-1,3,3_09,4.0,9,3_10,3_09-10,r0,b,p0/r0,1.0,2.5,0.0,0.1149374452253351,0.3655935114877662,-2.5,2
0615-1,3,3_09,4.0,9,3_10,3_09-10,r,b,p/r,1.0,3.0,0.0,0.6839463649392432,0.7396722843147706,-2.5,2
0616-1,3,3_09,4.0,9,3_10,3_09-10,r0,b,p0/r0,1.0,1.5,0.0,0.2621111151502994,0.4996073171693658,-2.5,2
0616-1,3,3_09,4.0,9,3_10,3_09-10,r,b,p/r,1.0,1.5,0.0,0.4380475291505173,0.5467322844259248,-2.5,2
0619-1,3,3_09,4.0,9,3_10,3_09-10,r0,b,p0/r0,1.0,5.0,0.0,0.2229569755539173,0.5585226586294838,-2.5,2
0619-1,3,3_09,4.0,9,3_10,3_09-10,r,b,p/r,1.0,6.0,0.0,0.4120849621466294,0.459759018646477,-2.5,2
0706-1,3,3_09,4.0,9,3_10,3_09-10,r0,b,p0/r0,1.0,0.5,0.0,0.1384039493867698,0.568580245314278,-2.5,2
0706-1,3,3_09,4.0,9,3_10,3_09-10,r,b,p/r,1.0,0.5,0.0,0.508730437505858,0.6079359542427096,-2.5,2
0707-1,3,3_09,4.0,9,3_10,3_09-10,r0,b,p0/r0,1.0,2.5,0.0,0.2287348224654616,0.5969323542900864,-2.5,2
0707-1,3,3_09,4.0,9,3_10,3_09-10,r,b,p/r,1.0,3.0,0.0,0.700299538776547,0.6883786635043591,-2.5,2
0707-2,3,3_09,4.0,9,3_10,3_09-10,r0,b,p0/r0,1.0,0.5,0.0,0.1341395251339134,0.5116303125080383,-2.5,2
0707-2,3,3_09,4.0,9,3_10,3_09-10,r,b,p/r,1.0,1.0,0.0,0.4688082394101432,0.6186288010570754,-2.5,2
0522-2,3,3_09,8.0,9,3_08,3_08-09,p0,f,p0/r0,1.0,1.0,0.0,0.0952409820912335,0.5550786456967018,1.5,2
0522-2,3,3_09,8.0,9,3_08,3_08-09,p,f,p/r,1.0,2.0,0.0,0.4592662260261171,0.5722208683150745,1.5,2
0523-1,3,3_09,8.0,9,3_08,3_08-09,p0,f,p0/r0,1.0,2.0,0.0,0.2459660827735785,0.4595276709087529,1.5,2
0523-1,3,3_09,8.0,9,3_08,3_08-09,p,f,p/r,1.0,2.0,0.0,0.7278188574376959,0.9111668514321868,1.5,2
0523-3,3,3_09,8.0,9,3_08,3_08-09,p0,f,p0/r0,1.0,1.0,0.0,0.0599013627553971,0.4161865710819805,1.5,2
0523-3,3,3_09,8.0,9,3_08,3_08-09,p,f,p/r,1.0,2.0,0.0,0.89369999584406,1.0053645747223414,1.5,2
0523-5,3,3_09,8.0,9,3_08,3_08-09,p0,f,p0/r0,1.0,0.5,0.0,0.1250186362675548,0.5830236858220744,1.5,2
0523-5,3,3_09,8.0,9,3_08,3_08-09,p,f,p/r,1.0,1.0,0.0,0.7358727356057281,0.9666086451472512,1.5,2
0524-2,3,3_09,8.0,9,3_08,3_08-09,p0,f,p0/r0,1.0,1.5,0.0,0.1481776162760104,0.5441905718757488,1.5,2
0524-2,3,3_09,8.0,9,3_08,3_08-09,p,f,p/r,1.0,3.0,1.0,0.6493630526293948,0.8629788054398487,1.5,2
0525-2,3,3_09,8.0,9,3_08,3_08-09,p0,f,p0/r0,1.0,2.0,0.0,0.1680879771771411,0.4917818343095746,1.5,2
0525-2,3,3_09,8.0,9,3_08,3_08-09,p,f,p/r,1.0,1.0,0.0,0.7771907939892568,0.9628598539113656,1.5,2
0526-2,3,3_09,8.0,9,3_08,3_08-09,p0,f,p0/r0,1.0,1.0,0.0,0.0706183797507565,0.1771094877249522,1.5,2
0526-2,3,3_09,8.0,9,3_08,3_08-09,p,f,p/r,1.0,1.0,1.0,0.6707667563550771,0.8656543473170957,1.5,2
0527-1,3,3_09,8.0,9,3_08,3_08-09,p0,f,p0/r0,1.0,1.5,0.0,0.2140347474100329,0.5602085037255321,1.5,2
0527-1,3,3_09,8.0,9,3_08,3_08-09,p,f,p/r,1.0,2.0,0.0,0.5167524080530469,0.7912183674332962,1.5,2
0528-1,3,3_09,8.0,9,3_08,3_08-09,p0,f,p0/r0,1.0,2.0,1.0,0.7388215329121328,0.3433068127491652,1.5,2
0528-1,3,3_09,8.0,9,3_08,3_08-09,p,f,p/r,1.0,2.0,1.0,0.7388215329121328,0.9764251448829296,1.5,2
0608-1,3,3_09,8.0,9,3_08,3_08-09,p0,f,p0/r0,1.0,2.0,0.0,0.6285647782155358,0.4109900047120334,1.5,2
0608-1,3,3_09,8.0,9,3_08,3_08-09,p,f,p/r,1.0,3.0,0.0,0.6943474393506455,0.9718114757070732,1.5,2
0608-2,3,3_09,8.0,9,3_08,3_08-09,p0,f,p0/r0,1.0,0.5,0.0,0.0565161921038115,0.5557381332848964,1.5,2
0608-2,3,3_09,8.0,9,3_08,3_08-09,p,f,p/r,1.0,2.0,1.0,0.6689106416454543,0.9207222448070704,1.5,2
0611-1,3,3_09,8.0,9,3_08,3_08-09,p0,f,p0/r0,1.0,3.0,0.0,0.7220967235027934,0.3966088673328216,1.5,2
0611-1,3,3_09,8.0,9,3_08,3_08-09,p,f,p/r,1.0,3.0,0.0,0.7220967235027934,0.8599829918706497,1.5,2
0612-2,3,3_09,8.0,9,3_08,3_08-09,p0,f,p0/r0,1.0,1.0,0.0,0.6670255845633919,0.3817758396906796,1.5,2
0612-2,3,3_09,8.0,9,3_08,3_08-09,p,f,p/r,1.0,2.0,0.0,0.8047306865028748,0.9984747153395328,1.5,2
0614-1,3,3_09,8.0,9,3_08,3_08-09,p0,f,p0/r0,1.0,2.0,0.0,0.1488821721340494,0.4217628209604795,1.5,2
0614-1,3,3_09,8.0,9,3_08,3_08-09,p,f,p/r,1.0,4.0,0.0,0.8078375859725433,1.0295674945735755,1.5,2
0615-2,3,3_09,8.0,9,3_08,3_08-09,p0,f,p0/r0,1.0,4.0,0.0,0.2000561213437985,0.5177660602992424,1.5,2
0615-2,3,3_09,8.0,9,3_08,3_08-09,p,f,p/r,1.0,3.0,0.0,0.7209978410839657,0.9787322218194704,1.5,2
0615-3,3,3_09,8.0,9,3_08,3_08-09,p0,f,p0/r0,1.0,1.5,0.0,0.1452221340240002,0.5329443947966879,1.5,2
0615-3,3,3_09,8.0,9,3_08,3_08-09,p,f,p/r,1.0,3.0,0.0,0.6974247693022718,1.0062898900859698,1.5,2
0619-2,3,3_09,8.0,9,3_08,3_08-09,p0,f,p0/r0,1.0,1.0,0.0,0.0420201015457038,0.4646419073828495,1.5,2
0619-2,3,3_09,8.0,9,3_08,3_08-09,p,f,p/r,1.0,3.0,0.0,0.7359961126279785,0.8572685615474702,1.5,2
0629-1,3,3_09,8.0,9,3_08,3_08-09,p0,f,p0/r0,1.0,0.5,0.0,0.1254535720107628,0.48306569490032,1.5,2
0629-1,3,3_09,8.0,9,3_08,3_08-09,p,f,p/r,1.0,1.0,0.0,0.6070967007247318,0.8655636827005494,1.5,2
0522-1,3,3_10,3.0,10,3_11,3_10-11,r0,b,p0/r0,9.0,3.0,0.0,0.255532883084173,0.3722297134580677,-3.5,3
0522-1,3,3_10,3.0,10,3_11,3_10-11,r,b,p/r,9.0,2.0,0.0,0.5890719185190618,0.6824637738445304,-3.5,3
0522-3,3,3_10,3.0,10,3_11,3_10-11,r0,b,p0/r0,9.0,4.0,0.0,0.8519696646081562,0.4755349844889914,-3.5,3
0522-3,3,3_10,3.0,10,3_11,3_10-11,r,b,p/r,9.0,0.5,0.5,0.7576280399262921,0.708571356504388,-3.5,3
0523-2,3,3_10,3.0,10,3_11,3_10-11,r0,b,p0/r0,9.0,0.5,0.0,0.4628756232058537,0.3998678306645494,-3.5,3
0523-2,3,3_10,3.0,10,3_11,3_10-11,r,b,p/r,9.0,2.0,0.0,0.5705494558133473,0.6943472627301273,-3.5,3
0523-4,3,3_10,3.0,10,3_11,3_10-11,r0,b,p0/r0,9.0,6.0,0.0,0.4719521779917203,0.562391351078013,-3.5,3
0523-4,3,3_10,3.0,10,3_11,3_10-11,r,b,p/r,9.0,2.5,1.5,0.9116011474041232,0.5837078149223269,-3.5,3
0524-1,3,3_10,3.0,10,3_11,3_10-11,r0,b,p0/r0,9.0,1.0,0.0,0.0859632224995103,0.1960606464780651,-3.5,3
0524-1,3,3_10,3.0,10,3_11,3_10-11,r,b,p/r,9.0,1.0,0.0,0.5244927046631712,0.5453411969083621,-3.5,3
0525-1,3,3_10,3.0,10,3_11,3_10-11,r0,b,p0/r0,9.0,2.0,0.0,0.6147023434657571,0.4535345349157691,-3.5,3
0525-1,3,3_10,3.0,10,3_11,3_10-11,r,b,p/r,9.0,3.5,1.5,0.7467807869563307,0.6612913319459257,-3.5,3
0526-1,3,3_10,3.0,10,3_11,3_10-11,r0,b,p0/r0,9.0,1.0,0.0,0.3473941125694421,0.4850340188726081,-3.5,3
0526-1,3,3_10,3.0,10,3_11,3_10-11,r,b,p/r,9.0,0.5,0.5,0.4986654562295483,0.6365073960008826,-3.5,3
0526-3,3,3_10,3.0,10,3_11,3_10-11,r0,b,p0/r0,9.0,2.0,0.0,0.353434831828065,0.4909559663668904,-3.5,3
0526-3,3,3_10,3.0,10,3_11,3_10-11,r,b,p/r,9.0,1.0,0.0,0.5512134050152935,0.6007573740292177,-3.5,3
0527-2,3,3_10,3.0,10,3_11,3_10-11,r0,b,p0/r0,9.0,2.5,0.5,0.5638276477599536,0.5456142661048178,-3.5,3
0527-2,3,3_10,3.0,10,3_11,3_10-11,r,b,p/r,9.0,2.5,0.5,0.5638276477599536,0.6462558308960806,-3.5,3
0528-2,3,3_10,3.0,10,3_11,3_10-11,r0,b,p0/r0,9.0,1.0,0.0,0.2016671800401499,0.4326923697306257,-3.5,3
0528-2,3,3_10,3.0,10,3_11,3_10-11,r,b,p/r,9.0,1.5,0.5,0.5227470260765018,0.6532284211822207,-3.5,3
0528-3,3,3_10,3.0,10,3_11,3_10-11,r0,b,p0/r0,9.0,4.0,0.0,0.6959502765624414,0.4643413066741219,-3.5,3
0528-3,3,3_10,3.0,10,3_11,3_10-11,r,b,p/r,9.0,0.5,0.5,0.5777126943728371,0.6500382752103373,-3.5,3
0612-1,3,3_10,3.0,10,3_11,3_10-11,r0,b,p0/r0,9.0,3.0,0.0,0.5091209172018444,0.5616306024944184,-3.5,3
0612-1,3,3_10,3.0,10,3_11,3_10-11,r,b,p/r,9.0,4.0,0.0,0.6656736241209681,0.6966553193692171,-3.5,3
0613-1,3,3_10,3.0,10,3_11,3_10-11,r0,b,p0/r0,9.0,3.0,0.0,0.3155726744267156,0.4734211456295448,-3.5,3
0613-1,3,3_10,3.0,10,3_11,3_10-11,r,b,p/r,9.0,2.0,0.0,0.6020423487679586,0.580108141836064,-3.5,3
0615-1,3,3_10,3.0,10,3_11,3_10-11,r0,b,p0/r0,9.0,1.0,0.0,0.4583233969887773,0.3148600362323355,-3.5,3
0615-1,3,3_10,3.0,10,3_11,3_10-11,r,b,p/r,9.0,1.0,0.0,0.5208591425206615,0.5252781727889001,-3.5,3
0616-1,3,3_10,3.0,10,3_11,3_10-11,r0,b,p0/r0,9.0,2.5,0.0,0.6213102235715009,0.5023040079401984,-3.5,3
0616-1,3,3_10,3.0,10,3_11,3_10-11,r,b,p/r,9.0,1.0,0.0,0.3555073080788137,0.5034933028549817,-3.5,3
0619-1,3,3_10,3.0,10,3_11,3_10-11,r0,b,p0/r0,9.0,3.0,0.0,0.7627634464370406,0.4488361524789903,-3.5,3
0619-1,3,3_10,3.0,10,3_11,3_10-11,r,b,p/r,9.0,3.0,0.0,0.7729285561217052,0.6918979618206033,-3.5,3
0706-1,3,3_10,3.0,10,3_11,3_10-11,r0,b,p0/r0,9.0,3.0,0.0,0.4715604099593777,0.5577285449328335,-3.5,3
0706-1,3,3_10,3.0,10,3_11,3_10-11,r,b,p/r,9.0,2.0,0.0,0.4423759103949247,0.5220961717157271,-3.5,3
0707-1,3,3_10,3.0,10,3_11,3_10-11,r0,b,p0/r0,9.0,2.0,0.0,0.5462366835414569,0.3889631814587559,-3.5,3
0707-1,3,3_10,3.0,10,3_11,3_10-11,r,b,p/r,9.0,0.5,0.5,0.7425483546786421,0.670459545359721,-3.5,3
0707-2,3,3_10,3.0,10,3_11,3_10-11,r0,b,p0/r0,9.0,1.0,0.0,0.1973890320412588,0.323923270324345,-3.5,3
0707-2,3,3_10,3.0,10,3_11,3_10-11,r,b,p/r,9.0,2.0,0.0,0.6633708829266605,0.6582043161266058,-3.5,3
0522-2,3,3_10,9.0,10,3_09,3_09-10,p0,f,p0/r0,9.0,0.0,0.0,0.4300296598496884,0.2773935474970652,2.5,3
0522-2,3,3_10,9.0,10,3_09,3_09-10,p,f,p/r,9.0,2.0,0.0,0.6319707113590741,0.8364717086711824,2.5,3
0523-1,3,3_10,9.0,10,3_09,3_09-10,p0,f,p0/r0,9.0,1.0,0.0,0.4416307468902734,0.6544685437230653,2.5,3
0523-1,3,3_10,9.0,10,3_09,3_09-10,p,f,p/r,9.0,1.5,0.0,0.7217733054506387,0.7943851806547496,2.5,3
0523-3,3,3_10,9.0,10,3_09,3_09-10,p0,f,p0/r0,9.0,1.0,0.0,0.3062106107873247,0.4314126436400721,2.5,3
0523-3,3,3_10,9.0,10,3_09,3_09-10,p,f,p/r,9.0,0.5,0.5,0.4666357713853389,0.5813895780206834,2.5,3
0523-5,3,3_10,9.0,10,3_09,3_09-10,p0,f,p0/r0,9.0,2.5,0.0,0.480876704217632,0.3554776345522551,2.5,3
0523-5,3,3_10,9.0,10,3_09,3_09-10,p,f,p/r,9.0,2.5,0.5,0.7885011391178843,0.8233508405499216,2.5,3
0524-2,3,3_10,9.0,10,3_09,3_09-10,p0,f,p0/r0,9.0,4.0,0.0,0.4878841299981013,0.5545536065745402,2.5,3
0524-2,3,3_10,9.0,10,3_09,3_09-10,p,f,p/r,9.0,0.5,0.5,0.8274305074123803,0.8183630273838732,2.5,3
0525-2,3,3_10,9.0,10,3_09,3_09-10,p0,f,p0/r0,9.0,1.0,0.0,0.3405213542691804,0.4962031601483042,2.5,3
0525-2,3,3_10,9.0,10,3_09,3_09-10,p,f,p/r,9.0,0.5,0.5,0.6829567143073466,0.7452764196769276,2.5,3
0526-2,3,3_10,9.0,10,3_09,3_09-10,p0,f,p0/r0,9.0,1.0,0.0,0.4762787778978286,0.4038069463431971,2.5,3
0526-2,3,3_10,9.0,10,3_09,3_09-10,p,f,p/r,9.0,0.5,0.5,0.6254014596666441,0.757174246897391,2.5,3
0527-1,3,3_10,9.0,10,3_09,3_09-10,p0,f,p0/r0,9.0,3.0,0.0,0.7241543674492815,0.4143058862654248,2.5,3
0527-1,3,3_10,9.0,10,3_09,3_09-10,p,f,p/r,9.0,1.5,0.5,0.8031711310624268,0.8034659800796952,2.5,3
0528-1,3,3_10,9.0,10,3_09,3_09-10,p0,f,p0/r0,9.0,2.0,0.0,0.621403846621086,0.6226583599674688,2.5,3
0528-1,3,3_10,9.0,10,3_09,3_09-10,p,f,p/r,9.0,0.5,0.5,0.6763168310383715,0.7130825238380963,2.5,3
0608-1,3,3_10,9.0,10,3_09,3_09-10,p0,f,p0/r0,9.0,1.5,0.5,0.603883733283545,0.3488620005586125,2.5,3
0608-1,3,3_10,9.0,10,3_09,3_09-10,p,f,p/r,9.0,0.5,0.5,0.6152740385085043,0.7631774149360927,2.5,3
0608-2,3,3_10,9.0,10,3_09,3_09-10,p0,f,p0/r0,9.0,2.5,0.5,0.888151332066371,0.449960308906961,2.5,3
0608-2,3,3_10,9.0,10,3_09,3_09-10,p,f,p/r,9.0,1.5,0.5,0.672487406787248,0.7088956829984262,2.5,3
0611-1,3,3_10,9.0,10,3_09,3_09-10,p0,f,p0/r0,9.0,4.0,1.0,0.6782448995338065,0.5971048141696653,2.5,3
0611-1,3,3_10,9.0,10,3_09,3_09-10,p,f,p/r,9.0,1.0,1.0,0.8415166280655145,0.8512819517710906,2.5,3
0612-2,3,3_10,9.0,10,3_09,3_09-10,p0,f,p0/r0,9.0,1.0,0.0,0.4396076850969143,0.6406649997575166,2.5,3
0612-2,3,3_10,9.0,10,3_09,3_09-10,p,f,p/r,9.0,2.0,2.0,0.8840115752820092,0.6279399344951877,2.5,3
0614-1,3,3_10,9.0,10,3_09,3_09-10,p0,f,p0/r0,9.0,3.0,0.0,0.6973032689950044,0.6574607751412643,2.5,3
0614-1,3,3_10,9.0,10,3_09,3_09-10,p,f,p/r,9.0,1.5,0.5,0.736103113719698,0.7159961874133978,2.5,3
0615-2,3,3_10,9.0,10,3_09,3_09-10,p0,f,p0/r0,9.0,2.0,0.0,0.4718921018270766,0.5255484189459899,2.5,3
0615-2,3,3_10,9.0,10,3_09,3_09-10,p,f,p/r,9.0,2.0,0.0,0.5967254233456966,0.5458657550893443,2.5,3
0615-3,3,3_10,9.0,10,3_09,3_09-10,p0,f,p0/r0,9.0,0.5,0.5,0.6516160666779053,0.3985359471311515,2.5,3
0615-3,3,3_10,9.0,10,3_09,3_09-10,p,f,p/r,9.0,1.5,0.5,0.7563618378547952,0.8002928671516046,2.5,3
0619-2,3,3_10,9.0,10,3_09,3_09-10,p0,f,p0/r0,9.0,1.0,0.0,0.4424808199015441,0.3394097425834794,2.5,3
0619-2,3,3_10,9.0,10,3_09,3_09-10,p,f,p/r,9.0,0.5,0.5,0.6545294452425966,0.5405645333549502,2.5,3
0629-1,3,3_10,9.0,10,3_09,3_09-10,p0,f,p0/r0,9.0,1.0,0.0,0.4005733785579971,0.6274989873964523,2.5,3
0629-1,3,3_10,9.0,10,3_09,3_09-10,p,f,p/r,9.0,0.5,0.5,0.5211236281235261,0.7133715942765638,2.5,3
0522-1,3,3_11,2.0,11,3_12,3_11-12,r0,b,p0/r0,5.5,5.0,0.0,0.2473992493839266,0.6301093346629156,-4.5,4
0522-1,3,3_11,2.0,11,3_12,3_11-12,r,b,p/r,5.5,2.0,0.0,0.6949591198180645,0.6325842842202983,-4.5,4
0522-3,3,3_11,2.0,11,3_12,3_11-12,r0,b,p0/r0,5.5,5.5,0.0,0.426752378452196,0.799067656166988,-4.5,4
0522-3,3,3_11,2.0,11,3_12,3_11-12,r,b,p/r,5.5,3.5,0.5,0.5300306525521007,0.6873726598813327,-4.5,4
0523-2,3,3_11,2.0,11,3_12,3_11-12,r0,b,p0/r0,5.5,0.5,0.0,0.2948610882891158,0.5904909689452448,-4.5,4
0523-2,3,3_11,2.0,11,3_12,3_11-12,r,b,p/r,5.5,0.5,0.5,0.6343785692572018,0.6205145885741302,-4.5,4
0523-4,3,3_11,2.0,11,3_12,3_11-12,r0,b,p0/r0,5.5,4.0,0.0,0.1956166722748759,0.6963098790174853,-4.5,4
0523-4,3,3_11,2.0,11,3_12,3_11-12,r,b,p/r,5.5,2.0,0.0,0.5985129857594218,0.6389111638852205,-4.5,4
0524-1,3,3_11,2.0,11,3_12,3_11-12,r0,b,p0/r0,5.5,3.5,0.0,0.3335018836156916,0.8272236698753475,-4.5,4
0524-1,3,3_11,2.0,11,3_12,3_11-12,r,b,p/r,5.5,3.0,0.0,0.8133146615595832,0.804184631126162,-4.5,4
0525-1,3,3_11,2.0,11,3_12,3_11-12,r0,b,p0/r0,5.5,2.0,0.0,0.3191951950668635,0.7369500067974681,-4.5,4
0525-1,3,3_11,2.0,11,3_12,3_11-12,r,b,p/r,5.5,2.5,0.5,0.7713944881416087,0.7216978102561934,-4.5,4
0526-1,3,3_11,2.0,11,3_12,3_11-12,r0,b,p0/r0,5.5,3.5,0.0,0.3540582290593076,0.8039212594128263,-4.5,4
0526-1,3,3_11,2.0,11,3_12,3_11-12,r,b,p/r,5.5,1.0,0.0,0.5338425068875015,0.5404867036145129,-4.5,4
0526-3,3,3_11,2.0,11,3_12,3_11-12,r0,b,p0/r0,5.5,5.0,0.0,0.268024321519188,0.7828474118311142,-4.5,4
0526-3,3,3_11,2.0,11,3_12,3_11-12,r,b,p/r,5.5,0.5,0.5,0.5183962573257394,0.6690696146503771,-4.5,4
0527-2,3,3_11,2.0,11,3_12,3_11-12,r0,b,p0/r0,5.5,1.5,0.0,0.2574738445278767,0.6579261893663578,-4.5,4
0527-2,3,3_11,2.0,11,3_12,3_11-12,r,b,p/r,5.5,2.0,0.0,0.5642771218280115,0.5701503863736055,-4.5,4
0528-2,3,3_11,2.0,11,3_12,3_11-12,r0,b,p0/r0,5.5,1.0,0.0,0.31137576515128,0.7310092659963705,-4.5,4
0528-2,3,3_11,2.0,11,3_12,3_11-12,r,b,p/r,5.5,2.0,0.0,0.8200336090700687,0.772501534385121,-4.5,4
0528-3,3,3_11,2.0,11,3_12,3_11-12,r0,b,p0/r0,5.5,2.5,0.0,0.4428573373716081,0.6990596990665415,-4.5,4
0528-3,3,3_11,2.0,11,3_12,3_11-12,r,b,p/r,5.5,2.0,0.0,0.7240255445348672,0.6783678509904868,-4.5,4
0612-1,3,3_11,2.0,11,3_12,3_11-12,r0,b,p0/r0,5.5,2.0,0.0,0.1977158621614756,0.5636073455721058,-4.5,4
0612-1,3,3_11,2.0,11,3_12,3_11-12,r,b,p/r,5.5,3.0,0.0,0.5195540434914729,0.6065839431432624,-4.5,4
0613-1,3,3_11,2.0,11,3_12,3_11-12,r0,b,p0/r0,5.5,3.0,0.0,0.3127853608649017,0.6104271898490858,-4.5,4
0613-1,3,3_11,2.0,11,3_12,3_11-12,r,b,p/r,5.5,2.5,0.5,0.7098505794354129,0.7279791168275339,-4.5,4
0615-1,3,3_11,2.0,11,3_12,3_11-12,r0,b,p0/r0,5.5,3.0,0.0,0.1472615342175908,0.4482857637869569,-4.5,4
0615-1,3,3_11,2.0,11,3_12,3_11-12,r,b,p/r,5.5,2.5,0.5,0.6486062930981958,0.5994960646499893,-4.5,4
0616-1,3,3_11,2.0,11,3_12,3_11-12,r0,b,p0/r0,5.5,4.0,0.0,0.3667462022114652,0.7718948026719679,-4.5,4
0616-1,3,3_11,2.0,11,3_12,3_11-12,r,b,p/r,5.5,1.0,0.0,0.829117932127412,0.5952376274687023,-4.5,4
0619-1,3,3_11,2.0,11,3_12,3_11-12,r0,b,p0/r0,5.5,2.5,0.0,0.3911260802595834,0.7657050325774526,-4.5,4
0619-1,3,3_11,2.0,11,3_12,3_11-12,r,b,p/r,5.5,1.0,0.0,0.4516682721928815,0.5770745574033638,-4.5,4
0706-1,3,3_11,2.0,11,3_12,3_11-12,r0,b,p0/r0,5.5,2.0,0.0,0.2252881497813842,0.6252510110205578,-4.5,4
0706-1,3,3_11,2.0,11,3_12,3_11-12,r,b,p/r,5.5,3.0,0.0,0.4047516197565239,0.4739055573130981,-4.5,4
0707-1,3,3_11,2.0,11,3_12,3_11-12,r0,b,p0/r0,5.5,3.5,0.0,0.3114632415785058,0.7928111257271999,-4.5,4
0707-1,3,3_11,2.0,11,3_12,3_11-12,r,b,p/r,5.5,1.0,0.0,0.7447438131833307,0.6365065343791039,-4.5,4
0707-2,3,3_11,2.0,11,3_12,3_11-12,r0,b,p0/r0,5.5,2.0,0.0,0.2202487807947888,0.6710916838763696,-4.5,4
0707-2,3,3_11,2.0,11,3_12,3_11-12,r,b,p/r,5.5,1.5,0.5,0.8509064903846363,0.7800879551830854,-4.5,4
0522-2,3,3_11,10.0,11,3_10,3_10-11,p0,f,p0/r0,5.5,1.0,0.0,0.2751057163593354,0.2888515179148807,3.5,4
0522-2,3,3_11,10.0,11,3_10,3_10-11,p,f,p/r,5.5,2.5,0.5,0.767651688685345,0.831589469550829,3.5,4
0523-1,3,3_11,10.0,11,3_10,3_10-11,p0,f,p0/r0,5.5,1.0,0.0,0.356909438999557,0.4087342781990674,3.5,4
0523-3,3,3_11,10.0,11,3_10,3_10-11,p0,f,p0/r0,5.5,3.0,0.0,0.2077670073410049,0.4729213618806583,3.5,4
0523-3,3,3_11,10.0,11,3_10,3_10-11,p,f,p/r,5.5,2.5,0.5,0.6954474061037176,0.8733150371940139,3.5,4
0523-5,3,3_11,10.0,11,3_10,3_10-11,p0,f,p0/r0,5.5,2.5,0.5,0.8225151219502971,0.4316108870370013,3.5,4
0523-5,3,3_11,10.0,11,3_10,3_10-11,p,f,p/r,5.5,2.5,0.5,0.8225150120665599,0.9042004940770708,3.5,4
0524-2,3,3_11,10.0,11,3_10,3_10-11,p0,f,p0/r0,5.5,3.5,0.5,0.6979845745359896,0.4148323040562143,3.5,4
0524-2,3,3_11,10.0,11,3_10,3_10-11,p,f,p/r,5.5,3.5,0.5,0.6979845745359896,0.8360349475709095,3.5,4
0525-2,3,3_11,10.0,11,3_10,3_10-11,p0,f,p0/r0,5.5,2.0,0.0,0.2122902934607317,0.2967478004649937,3.5,4
0525-2,3,3_11,10.0,11,3_10,3_10-11,p,f,p/r,5.5,0.5,0.5,0.6788005460182464,0.6476300749378027,3.5,4
0526-2,3,3_11,10.0,11,3_10,3_10-11,p0,f,p0/r0,5.5,1.0,0.0,0.354185002639797,0.3339364920080046,3.5,4
0526-2,3,3_11,10.0,11,3_10,3_10-11,p,f,p/r,5.5,1.0,0.0,0.618170880124169,0.7205189371296382,3.5,4
0527-1,3,3_11,10.0,11,3_10,3_10-11,p0,f,p0/r0,5.5,2.0,0.0,0.2469318318218707,0.3738148061503774,3.5,4
0527-1,3,3_11,10.0,11,3_10,3_10-11,p,f,p/r,5.5,2.5,0.5,0.887569751293207,0.9057747037280868,3.5,4
0528-1,3,3_11,10.0,11,3_10,3_10-11,p0,f,p0/r0,5.5,1.0,0.0,0.3132990183470342,0.3644930072328588,3.5,4
0528-1,3,3_11,10.0,11,3_10,3_10-11,p,f,p/r,5.5,0.5,0.5,0.6929497076922975,0.8443154385308338,3.5,4
0608-1,3,3_11,10.0,11,3_10,3_10-11,p0,f,p0/r0,5.5,0.5,0.5,0.7427277115380686,0.3254551734316648,3.5,4
0608-1,3,3_11,10.0,11,3_10,3_10-11,p,f,p/r,5.5,0.5,0.5,0.6827033666100116,0.7610847930455392,3.5,4
0608-2,3,3_11,10.0,11,3_10,3_10-11,p0,f,p0/r0,5.5,2.0,0.0,0.1777287348671385,0.4261786816329103,3.5,4
0608-2,3,3_11,10.0,11,3_10,3_10-11,p,f,p/r,5.5,1.5,0.5,0.627919858145668,0.8264982516519002,3.5,4
0611-1,3,3_11,10.0,11,3_10,3_10-11,p0,f,p0/r0,5.5,4.0,0.0,0.2454060158984992,0.3815852962808649,3.5,4
0611-1,3,3_11,10.0,11,3_10,3_10-11,p,f,p/r,5.5,0.5,0.5,0.7565332866729793,0.687741994111195,3.5,4
0612-2,3,3_11,10.0,11,3_10,3_10-11,p0,f,p0/r0,5.5,2.0,0.0,0.3391449858791794,0.4523297615102312,3.5,4
0612-2,3,3_11,10.0,11,3_10,3_10-11,p,f,p/r,5.5,0.5,0.5,1.0543521284452957,0.8232079401194896,3.5,4
0614-1,3,3_11,10.0,11,3_10,3_10-11,p0,f,p0/r0,5.5,2.0,0.0,0.1770287754375145,0.1596331260713206,3.5,4
0614-1,3,3_11,10.0,11,3_10,3_10-11,p,f,p/r,5.5,4.5,0.5,0.7539263264985632,0.8063601883067946,3.5,4
0615-2,3,3_11,10.0,11,3_10,3_10-11,p0,f,p0/r0,5.5,2.5,0.5,0.6121789019999545,0.4093437476756697,3.5,4
0615-2,3,3_11,10.0,11,3_10,3_10-11,p,f,p/r,5.5,2.5,0.5,0.6121789019999545,0.8218830726063278,3.5,4
0615-3,3,3_11,10.0,11,3_10,3_10-11,p0,f,p0/r0,5.5,3.0,0.0,0.2774561501154806,0.437518637035808,3.5,4
0615-3,3,3_11,10.0,11,3_10,3_10-11,p,f,p/r,5.5,1.5,0.5,0.6880537377285091,0.7664244808830278,3.5,4
0619-2,3,3_11,10.0,11,3_10,3_10-11,p0,f,p0/r0,5.5,1.0,0.0,0.0751420635909092,0.1744325687911502,3.5,4
0619-2,3,3_11,10.0,11,3_10,3_10-11,p,f,p/r,5.5,3.5,0.5,0.7927086065572851,0.8653896294835799,3.5,4
0629-1,3,3_11,10.0,11,3_10,3_10-11,p0,f,p0/r0,5.5,2.0,0.0,0.1825568412560846,0.3663889791215356,3.5,4
0629-1,3,3_11,10.0,11,3_10,3_10-11,p,f,p/r,5.5,1.0,0.0,0.3988095575075454,0.5280913774100109,3.5,4
0522-1,3,3_12,1.0,12,3_13,3_12-13,r0,b,p0/r0,6.5,1.0,0.0,0.4367090864992872,0.6573730607178766,-5.5,5
0522-1,3,3_12,1.0,12,3_13,3_12-13,r,b,p/r,6.5,0.5,0.0,0.6072386859374016,0.9595090787061892,-5.5,5
0522-3,3,3_12,1.0,12,3_13,3_12-13,r0,b,p0/r0,6.5,3.0,0.0,0.4042883799332279,0.542961573819812,-5.5,5
0522-3,3,3_12,1.0,12,3_13,3_12-13,r,b,p/r,6.5,3.0,1.5,0.6719333295199095,0.8539141207218286,-5.5,5
0523-2,3,3_12,1.0,12,3_13,3_12-13,r0,b,p0/r0,6.5,0.0,0.0,0.5321816868812723,0.6605983613676352,-5.5,5
0523-2,3,3_12,1.0,12,3_13,3_12-13,r,b,p/r,6.5,3.0,0.5,0.6188518805135026,0.958060331322667,-5.5,5
0523-4,3,3_12,1.0,12,3_13,3_12-13,r0,b,p0/r0,6.5,0.0,0.0,0.4352565014380688,0.6434166560936734,-5.5,5
0523-4,3,3_12,1.0,12,3_13,3_12-13,r,b,p/r,6.5,2.0,0.5,0.6410656632808096,0.9919586354253176,-5.5,5
0524-1,3,3_12,1.0,12,3_13,3_12-13,r0,b,p0/r0,6.5,2.5,0.0,0.4672343572349136,0.6493127136375532,-5.5,5
0524-1,3,3_12,1.0,12,3_13,3_12-13,r,b,p/r,6.5,5.0,0.0,0.7070437890095596,0.8890277165701725,-5.5,5
0525-1,3,3_12,1.0,12,3_13,3_12-13,r0,b,p0/r0,6.5,2.0,0.0,0.2666579835052132,0.4388668971958881,-5.5,5
0525-1,3,3_12,1.0,12,3_13,3_12-13,r,b,p/r,6.5,4.5,0.0,0.6837539594264932,0.9420820930856618,-5.5,5
0526-1,3,3_12,1.0,12,3_13,3_12-13,r0,b,p0/r0,6.5,2.0,0.0,0.3578960128398928,0.4977704416346131,-5.5,5
0526-1,3,3_12,1.0,12,3_13,3_12-13,r,b,p/r,6.5,1.0,0.0,0.5738274585789004,0.8720856849366071,-5.5,5
0526-3,3,3_12,1.0,12,3_13,3_12-13,r0,b,p0/r0,6.5,1.0,0.0,0.2119160535239808,0.4216521065743882,-5.5,5
0526-3,3,3_12,1.0,12,3_13,3_12-13,r,b,p/r,6.5,4.5,0.0,0.5378755172959268,0.8569317225710684,-5.5,5
0527-2,3,3_12,1.0,12,3_13,3_12-13,r0,b,p0/r0,6.5,1.5,0.0,0.5282777663392197,0.6537917326624806,-5.5,5
0527-2,3,3_12,1.0,12,3_13,3_12-13,r,b,p/r,6.5,3.0,0.0,0.6303880063170676,0.9646162515652305,-5.5,5
0528-2,3,3_12,1.0,12,3_13,3_12-13,r0,b,p0/r0,6.5,3.0,0.0,0.4265474557804448,0.6219873066943316,-5.5,5
0528-2,3,3_12,1.0,12,3_13,3_12-13,r,b,p/r,6.5,3.0,0.0,0.6044581653215637,0.8127833948313532,-5.5,5
0528-3,3,3_12,1.0,12,3_13,3_12-13,r0,b,p0/r0,6.5,2.0,0.5,0.3347407999102091,0.6084653603729989,-5.5,5
0528-3,3,3_12,1.0,12,3_13,3_12-13,r,b,p/r,6.5,3.0,0.5,0.6619054385531861,0.982932196432302,-5.5,5
0612-1,3,3_12,1.0,12,3_13,3_12-13,r0,b,p0/r0,6.5,2.0,0.0,0.4929936505230339,0.6901800586759066,-5.5,5
0612-1,3,3_12,1.0,12,3_13,3_12-13,r,b,p/r,6.5,4.5,0.0,0.7411275049169853,0.9241217182080318,-5.5,5
0613-1,3,3_12,1.0,12,3_13,3_12-13,r0,b,p0/r0,6.5,1.0,0.0,0.3589186872010538,0.5723729081718864,-5.5,5
0613-1,3,3_12,1.0,12,3_13,3_12-13,r,b,p/r,6.5,3.0,0.0,0.6773873880332713,0.9669657663778248,-5.5,5
0615-1,3,3_12,1.0,12,3_13,3_12-13,r0,b,p0/r0,6.5,1.5,0.0,0.2850712945284691,0.4117528613211447,-5.5,5
0615-1,3,3_12,1.0,12,3_13,3_12-13,r,b,p/r,6.5,3.0,0.0,0.6027410612516,0.9477727706103152,-5.5,5
0616-1,3,3_12,1.0,12,3_13,3_12-13,r0,b,p0/r0,6.5,2.0,0.5,0.4194719766198509,0.6617074305606369,-5.5,5
0616-1,3,3_12,1.0,12,3_13,3_12-13,r,b,p/r,6.5,2.0,0.5,0.6486132766695193,0.8868973039604265,-5.5,5
0619-1,3,3_12,1.0,12,3_13,3_12-13,r0,b,p0/r0,6.5,3.0,0.0,0.3066769620922892,0.533603699167047,-5.5,5
0706-1,3,3_12,1.0,12,3_13,3_12-13,r0,b,p0/r0,6.5,1.5,0.0,0.487883492885527,0.5895408353775116,-5.5,5
0706-1,3,3_12,1.0,12,3_13,3_12-13,r,b,p/r,6.5,0.5,0.0,0.5641961980291338,0.8012494063437805,-5.5,5
0707-1,3,3_12,1.0,12,3_13,3_12-13,r0,b,p0/r0,6.5,2.5,0.0,0.4797043151860794,0.6572512727045362,-5.5,5
0707-1,3,3_12,1.0,12,3_13,3_12-13,r,b,p/r,6.5,2.5,0.0,0.6118672905786979,0.8623414347277949,-5.5,5
0707-2,3,3_12,1.0,12,3_13,3_12-13,r0,b,p0/r0,6.5,2.0,0.0,0.3599615363419625,0.5863313803490934,-5.5,5
0707-2,3,3_12,1.0,12,3_13,3_12-13,r,b,p/r,6.5,3.0,0.0,0.6412683218365712,0.8963692266692929,-5.5,5
0522-2,3,3_12,11.0,12,3_11,3_11-12,p0,f,p0/r0,6.5,1.0,0.0,0.6361388405736305,0.3189395296846015,4.5,5
0522-2,3,3_12,11.0,12,3_11,3_11-12,p,f,p/r,6.5,3.0,0.0,0.7127063137437339,0.8021267013362299,4.5,5
0523-1,3,3_12,11.0,12,3_11,3_11-12,p0,f,p0/r0,6.5,3.0,0.0,0.3605500217065162,0.4569964248583403,4.5,5
0523-1,3,3_12,11.0,12,3_11,3_11-12,p,f,p/r,6.5,3.0,0.0,0.6056642271876646,0.9511039942395756,4.5,5
0523-3,3,3_12,11.0,12,3_11,3_11-12,p0,f,p0/r0,6.5,2.0,0.0,0.395541791149294,0.4632743346838722,4.5,5
0523-3,3,3_12,11.0,12,3_11,3_11-12,p,f,p/r,6.5,3.0,0.0,0.6561923286424916,0.9944410336525894,4.5,5
0523-5,3,3_12,11.0,12,3_11,3_11-12,p0,f,p0/r0,6.5,3.0,0.0,0.3294059611223858,0.4607638260571301,4.5,5
0523-5,3,3_12,11.0,12,3_11,3_11-12,p,f,p/r,6.5,4.0,0.0,0.5749701893396035,0.8628587248052133,4.5,5
0524-2,3,3_12,11.0,12,3_11,3_11-12,p0,f,p0/r0,6.5,2.0,0.0,0.2865900758686973,0.4950528238000989,4.5,5
0524-2,3,3_12,11.0,12,3_11,3_11-12,p,f,p/r,6.5,8.0,0.0,0.6478509816089449,0.9320445710615364,4.5,5
0525-2,3,3_12,11.0,12,3_11,3_11-12,p0,f,p0/r0,6.5,1.0,0.0,0.1388776922269978,0.3566679006243878,4.5,5
0525-2,3,3_12,11.0,12,3_11,3_11-12,p,f,p/r,6.5,3.0,0.0,0.5034279190019361,0.5579249456306437,4.5,5
0526-2,3,3_12,11.0,12,3_11,3_11-12,p0,f,p0/r0,6.5,1.0,0.0,0.2224984303706862,0.456286383995635,4.5,5
0526-2,3,3_12,11.0,12,3_11,3_11-12,p,f,p/r,6.5,2.5,0.0,0.6256164410558742,0.9402451179049012,4.5,5
0527-1,3,3_12,11.0,12,3_11,3_11-12,p0,f,p0/r0,6.5,5.0,0.0,0.5078666858916367,0.4183004920928365,4.5,5
0527-1,3,3_12,11.0,12,3_11,3_11-12,p,f,p/r,6.5,3.0,0.0,0.591564813733867,0.8437747956050449,4.5,5
0528-1,3,3_12,11.0,12,3_11,3_11-12,p0,f,p0/r0,6.5,4.0,0.0,0.4548712999219736,0.4254676088189526,4.5,5
0528-1,3,3_12,11.0,12,3_11,3_11-12,p,f,p/r,6.5,4.0,0.0,0.5774434076829237,0.903280950939616,4.5,5
0608-1,3,3_12,11.0,12,3_11,3_11-12,p0,f,p0/r0,6.5,1.0,0.0,0.1891616737502715,0.4958634943608001,4.5,5
0608-1,3,3_12,11.0,12,3_11,3_11-12,p,f,p/r,6.5,3.0,0.0,0.6603170344137222,0.8939133121802124,4.5,5
0608-2,3,3_12,11.0,12,3_11,3_11-12,p0,f,p0/r0,6.5,1.0,0.0,0.2191603026780745,0.1524300121259082,4.5,5
0608-2,3,3_12,11.0,12,3_11,3_11-12,p,f,p/r,6.5,5.5,0.0,0.7737749148594396,0.933890251218813,4.5,5
0611-1,3,3_12,11.0,12,3_11,3_11-12,p0,f,p0/r0,6.5,2.0,0.0,0.3269767922591812,0.538791661779704,4.5,5
0611-1,3,3_12,11.0,12,3_11,3_11-12,p,f,p/r,6.5,3.0,0.0,0.5947848253749773,0.9489260735039828,4.5,5
0612-2,3,3_12,11.0,12,3_11,3_11-12,p0,f,p0/r0,6.5,2.0,0.0,0.270033257904696,0.483430571341422,4.5,5
0612-2,3,3_12,11.0,12,3_11,3_11-12,p,f,p/r,6.5,3.0,0.0,0.6314890160676851,0.9575113622168454,4.5,5
0614-1,3,3_12,11.0,12,3_11,3_11-12,p0,f,p0/r0,6.5,2.0,0.0,0.4775364836040408,0.4670559302826318,4.5,5
0614-1,3,3_12,11.0,12,3_11,3_11-12,p,f,p/r,6.5,4.5,0.5,0.7169869291975057,0.8526201883892728,4.5,5
0615-2,3,3_12,11.0,12,3_11,3_11-12,p0,f,p0/r0,6.5,1.0,0.0,0.1477198718953803,0.491021516618701,4.5,5
0615-2,3,3_12,11.0,12,3_11,3_11-12,p,f,p/r,6.5,5.5,0.0,0.7147082358891553,0.8727196813045849,4.5,5
0615-3,3,3_12,11.0,12,3_11,3_11-12,p0,f,p0/r0,6.5,2.0,0.0,0.0766255126754126,0.1358930560686405,4.5,5
0615-3,3,3_12,11.0,12,3_11,3_11-12,p,f,p/r,6.5,4.0,0.0,0.7795896717043366,0.9974304035314489,4.5,5
0619-2,3,3_12,11.0,12,3_11,3_11-12,p0,f,p0/r0,6.5,1.0,0.0,0.0851810230722738,0.2511397208907568,4.5,5
0619-2,3,3_12,11.0,12,3_11,3_11-12,p,f,p/r,6.5,3.5,0.0,0.5587086627784725,0.9135070680896814,4.5,5
0629-1,3,3_12,11.0,12,3_11,3_11-12,p0,f,p0/r0,6.5,1.0,0.0,0.2397714133774328,0.3012529258884424,4.5,5
0629-1,3,3_12,11.0,12,3_11,3_11-12,p,f,p/r,6.5,2.0,0.0,0.5393361399190466,0.8749600976104307,4.5,5
0522-2,3,3_13,12.0,13,3_12,3_12-13,p0,f,p0/r0,2.5,4.0,0.0,0.3736620717258824,0.3781913781352577,5.5,6
0522-2,3,3_13,12.0,13,3_12,3_12-13,p,f,p/r,2.5,0.5,0.5,0.5912851851811137,0.6486512615286263,5.5,6
0523-1,3,3_13,12.0,13,3_12,3_12-13,p0,f,p0/r0,2.5,2.0,0.0,0.3734351262567456,0.5922228059250815,5.5,6
0523-1,3,3_13,12.0,13,3_12,3_12-13,p,f,p/r,2.5,1.5,1.5,0.6954164012023228,0.6921601401404656,5.5,6
0523-3,3,3_13,12.0,13,3_12,3_12-13,p0,f,p0/r0,2.5,3.0,0.0,0.4251759624164372,0.674733891354643,5.5,6
0523-3,3,3_13,12.0,13,3_12,3_12-13,p,f,p/r,2.5,1.5,1.5,0.910700432811676,0.7107185860433521,5.5,6
0523-5,3,3_13,12.0,13,3_12,3_12-13,p0,f,p0/r0,2.5,2.0,0.0,0.3164793504577083,0.6630456680785537,5.5,6
0523-5,3,3_13,12.0,13,3_12,3_12-13,p,f,p/r,2.5,1.5,1.5,0.9650349664363024,0.736704423348754,5.5,6
0524-2,3,3_13,12.0,13,3_12,3_12-13,p0,f,p0/r0,2.5,4.0,0.0,0.3909066383167014,0.720895414786059,5.5,6
0524-2,3,3_13,12.0,13,3_12,3_12-13,p,f,p/r,2.5,1.5,1.5,0.9091582180533652,0.708284472591269,5.5,6
0525-2,3,3_13,12.0,13,3_12,3_12-13,p0,f,p0/r0,2.5,1.0,0.0,0.2844038756027411,0.5430622855106766,5.5,6
0525-2,3,3_13,12.0,13,3_12,3_12-13,p,f,p/r,2.5,0.5,0.5,0.772339711091421,0.7075842127498712,5.5,6
0526-2,3,3_13,12.0,13,3_12,3_12-13,p0,f,p0/r0,2.5,1.0,0.0,0.2983245079233514,0.6697262295295566,5.5,6
0526-2,3,3_13,12.0,13,3_12,3_12-13,p,f,p/r,2.5,2.0,0.0,0.4953497201374524,0.5555003587913596,5.5,6
0527-1,3,3_13,12.0,13,3_12,3_12-13,p0,f,p0/r0,2.5,3.0,0.0,0.5522317688948403,0.713357760644624,5.5,6
0527-1,3,3_13,12.0,13,3_12,3_12-13,p,f,p/r,2.5,2.5,0.5,0.4552229967507372,0.5100154188678384,5.5,6
0528-1,3,3_13,12.0,13,3_12,3_12-13,p0,f,p0/r0,2.5,3.0,0.0,0.5781017883961546,0.6018586202187723,5.5,6
0528-1,3,3_13,12.0,13,3_12,3_12-13,p,f,p/r,2.5,0.5,0.5,0.5668337437225375,0.5925739644731718,5.5,6
0608-1,3,3_13,12.0,13,3_12,3_12-13,p0,f,p0/r0,2.5,2.0,0.0,0.211274038983735,0.5170594304232782,5.5,6
0608-1,3,3_13,12.0,13,3_12,3_12-13,p,f,p/r,2.5,1.5,0.5,0.6012929931210528,0.5535105087900548,5.5,6
0608-2,3,3_13,12.0,13,3_12,3_12-13,p0,f,p0/r0,2.5,5.0,0.0,0.3995156102669009,0.6400955031651576,5.5,6
0608-2,3,3_13,12.0,13,3_12,3_12-13,p,f,p/r,2.5,0.5,0.5,0.5998616665356242,0.6062786778343875,5.5,6
0611-1,3,3_13,12.0,13,3_12,3_12-13,p0,f,p0/r0,2.5,5.0,0.0,0.4209842888766099,0.6094248637179739,5.5,6
0611-1,3,3_13,12.0,13,3_12,3_12-13,p,f,p/r,2.5,1.5,1.5,0.7598834699184085,0.7205145151602872,5.5,6
0612-2,3,3_13,12.0,13,3_12,3_12-13,p0,f,p0/r0,2.5,6.0,0.0,0.4903148423012519,0.6214580349392689,5.5,6
0612-2,3,3_13,12.0,13,3_12,3_12-13,p,f,p/r,2.5,6.0,0.0,0.4903148798611894,0.5041351119958329,5.5,6
0614-1,3,3_13,12.0,13,3_12,3_12-13,p0,f,p0/r0,2.5,3.0,0.0,0.372917224375203,0.6526544758756302,5.5,6
0614-1,3,3_13,12.0,13,3_12,3_12-13,p,f,p/r,2.5,4.5,1.5,0.8118431534351115,0.7095847001096677,5.5,6
0615-2,3,3_13,12.0,13,3_12,3_12-13,p0,f,p0/r0,2.5,2.0,0.0,0.5460257561935244,0.4195550219256277,5.5,6
0615-2,3,3_13,12.0,13,3_12,3_12-13,p,f,p/r,2.5,1.5,0.5,0.612051002903615,0.6192973121245644,5.5,6
0615-3,3,3_13,12.0,13,3_12,3_12-13,p0,f,p0/r0,2.5,3.0,0.0,0.3155103868523801,0.6946212275835026,5.5,6
0615-3,3,3_13,12.0,13,3_12,3_12-13,p,f,p/r,2.5,0.5,0.5,0.6761539909281217,0.6553213016875943,5.5,6
0619-2,3,3_13,12.0,13,3_12,3_12-13,p0,f,p0/r0,2.5,1.0,0.0,0.2834255501848411,0.5531673895724034,5.5,6
0619-2,3,3_13,12.0,13,3_12,3_12-13,p,f,p/r,2.5,0.5,0.5,0.7901706151779498,0.7676846059732757,5.5,6
0629-1,3,3_13,12.0,13,3_12,3_12-13,p0,f,p0/r0,2.5,2.0,0.0,0.2874446992750025,0.5718003837132746,5.5,6
0629-1,3,3_13,12.0,13,3_12,3_12-13,p,f,p/r,2.5,1.5,1.5,0.7278916354788105,0.6866565538507388,5.5,6
